{
    "ub": 1989968.4351165646,
    "num_cuts": 251603,
    "comp_time": 6797.048590421677,
    "obj": 1989964.0946611518,
    "MIP_gap": 9.716412231867993e-05,
    "num_nodes": 4272.0,
    "zJ": [
        [
            0,
            0,
            0,
            0,
            0,
            0,
            0,
            0,
            0,
            0,
            0
        ],
        [
            0,
            0,
            0,
            0,
            0,
            0,
            0,
            0,
            0,
            0,
            0
        ],
        [
            1,
            1,
            1,
            1,
            1,
            1,
            1,
            1,
            1,
            1,
            1
        ],
        [
            0,
            0,
            0,
            0,
            0,
            0,
            0,
            0,
            0,
            0,
            0
        ],
        [
            1,
            1,
            1,
            1,
            1,
            1,
            1,
            1,
            1,
            1,
            1
        ],
        [
            0,
            0,
            0,
            0,
            0,
            0,
            0,
            0,
            0,
            0,
            0
        ],
        [
            0,
            0,
            0,
            0,
            0,
            0,
            0,
            0,
            0,
            0,
            0
        ],
        [
            1,
            1,
            1,
            1,
            1,
            1,
            1,
            1,
            1,
            1,
            1
        ],
        [
            1,
            1,
            1,
            1,
            1,
            1,
            1,
            1,
            1,
            1,
            1
        ],
        [
            1,
            1,
            1,
            1,
            1,
            1,
            1,
            1,
            1,
            1,
            1
        ]
    ],
    "lJ": [
        [
            0.0,
            0.0,
            0.0,
            0.0,
            0.0,
            0.0,
            0.0,
            0.0,
            0.0,
            0.0,
            0.0
        ],
        [
            0.0,
            0.0,
            0.0,
            0.0,
            0.0,
            0.0,
            0.0,
            0.0,
            0.0,
            0.0,
            0.0
        ],
        [
            0.0,
            0.0,
            0.0,
            0.0,
            209.45382674829818,
            1155.0682761788576,
            3070.2340114879435,
            5951.025789691158,
            5952.155765315515,
            5955.181433949572,
            0.0
        ],
        [
            0.0,
            0.0,
            0.0,
            0.0,
            0.0,
            0.0,
            0.0,
            0.0,
            0.0,
            0.0,
            0.0
        ],
        [
            0.0,
            0.0,
            0.0,
            0.0,
            0.46468825484158366,
            0.507063460738552,
            0.2779890988186806,
            0.0,
            0.0,
            0.0,
            0.0
        ],
        [
            0.0,
            0.0,
            0.0,
            0.0,
            0.0,
            0.0,
            0.0,
            0.0,
            0.0,
            0.0,
            0.0
        ],
        [
            0.0,
            0.0,
            0.0,
            0.0,
            0.0,
            0.0,
            0.0,
            0.0,
            0.0,
            0.0,
            0.0
        ],
        [
            0.0,
            0.0,
            0.0,
            0.0,
            2093.704035724961,
            6153.32450273377,
            13314.781193230298,
            21857.80763650632,
            28942.75735772901,
            32573.96995913828,
            0.0
        ],
        [
            0.0,
            0.0,
            0.0,
            0.0,
            1.0853405329200514,
            771.8120183118667,
            4086.2849493553713,
            7419.963504482255,
            7420.139377286733,
            7421.466457521048,
            0.0
        ],
        [
            0.0,
            0.005666142207213034,
            0.00350208086173542,
            0.8424890617979223,
            391.31490858955226,
            2273.0623277263803,
            2382.047957017309,
            2388.623561005123,
            4519.145531453925,
            2388.583317286606,
            0.0
        ]
    ],
    "eI_t0": [
        4984.0,
        4179.0,
        30823.0,
        14914.0,
        1466.0,
        2090.0,
        7024.0,
        4439.0,
        2907.0,
        6191.0
    ],
    "eJ_t0": [
        0.0,
        0.0,
        0.0,
        0.0,
        0.0,
        0.0,
        0.0,
        0.0,
        0.0,
        0.0
    ],
    "cost_t0": {
        "Fixed": 791101.5,
        "Relief Inventory": 0.0,
        "Evacuee Inventory": 0.0,
        "Penalty": 0.0,
        "Emergency": 0.0,
        "Relief Purchase": 0.0,
        "Relief Transportation": -1.1395847449486906e-19,
        "Evacuee Transportation": 0.0,
        "Relief Dumping": 0.0
    }
}