I,Pop5%,X,Y
0,13474,-80.63036880151057,32.30005707208429
1,40905,-79.92433599257375,32.84998244563934
2,24638,-78.9962660208495,33.57285143901405
