J,CAPACITY,X,Y
0,51539,-79.83566686133334,33.940950388666664
1,29485,-81.70114975117647,34.47610064411764
2,38113,-80.99764708545455,33.05488492818182
