{
    "ub": 2703130.6564182388,
    "num_cuts": 4187,
    "comp_time": 29.118547201156616,
    "obj": 2703130.612318384,
    "MIP_gap": 0.0,
    "num_nodes": 99.0,
    "zJ": [
        [
            1,
            1,
            1,
            1,
            1,
            1,
            1,
            1,
            1,
            1,
            1
        ],
        [
            1,
            1,
            1,
            1,
            1,
            1,
            1,
            1,
            1,
            1,
            1
        ],
        [
            0,
            0,
            0,
            0,
            0,
            0,
            0,
            0,
            0,
            0,
            0
        ]
    ],
    "lJ": [
        [
            0.0,
            0.0,
            0.0,
            0.0,
            2534.8479999992805,
            11875.122894804885,
            27350.530782000096,
            43824.73233663597,
            49167.631738898315,
            51539.0,
            0.0
        ],
        [
            0.0,
            0.0,
            0.0,
            0.0,
            2869.5790000007187,
            10316.910040195116,
            15034.88315813634,
            20167.07657913944,
            22944.60896274498,
            22178.184733000988,
            0.0
        ],
        [
            0.0,
            0.0,
            0.0,
            0.0,
            0.0,
            0.0,
            0.0,
            0.0,
            0.0,
            0.0,
            0.0
        ]
    ],
    "eI_t0": [
        13474.0,
        40905.0,
        24638.0
    ],
    "eJ_t0": [
        0.0,
        0.0,
        0.0
    ],
    "cost_t0": {
        "Fixed": 850752.0,
        "Relief Inventory": 0.0,
        "Evacuee Inventory": 0.0,
        "Penalty": 0.0,
        "Emergency": 0.0,
        "Relief Purchase": 0.0,
        "Relief Transportation": 0.0,
        "Evacuee Transportation": 0.0,
        "Relief Dumping": 0.0
    }
}