{
    "ub": 2098694.151282369,
    "num_cuts": 10861,
    "comp_time": 58.38343167304993,
    "obj": 2098692.4663572963,
    "MIP_gap": 0.0,
    "num_nodes": 157.0,
    "zJ": [
        [
            1,
            1,
            1,
            1,
            1,
            1,
            1,
            1,
            1,
            1,
            1
        ],
        [
            1,
            1,
            1,
            1,
            1,
            1,
            1,
            1,
            1,
            1,
            1
        ],
        [
            0,
            0,
            0,
            0,
            0,
            0,
            0,
            0,
            0,
            0,
            0
        ]
    ],
    "lJ": [
        [
            0.0,
            0.5757484157459147,
            0.6891028732933318,
            0.684481113822542,
            2725.6877890221085,
            11354.806288975866,
            25045.51374322646,
            38138.71741007527,
            46161.34778306688,
            51538.954513494995,
            0.0
        ],
        [
            0.0,
            0.11791517646455041,
            0.0,
            0.0,
            2680.1259600137287,
            4004.618219833013,
            6327.687956773299,
            12786.667902092195,
            17585.053787089604,
            10109.660027744072,
            0.0
        ],
        [
            0.0,
            0.0,
            0.0,
            0.0,
            0.0,
            0.0,
            0.0,
            0.0,
            0.0,
            0.0,
            0.0
        ]
    ],
    "eI_t0": [
        13474.0,
        40905.0,
        24638.0
    ],
    "eJ_t0": [
        0.0,
        0.0,
        0.0
    ],
    "cost_t0": {
        "Fixed": 850752.0,
        "Relief Inventory": 0.0,
        "Evacuee Inventory": 0.0,
        "Penalty": 0.0,
        "Emergency": 0.0,
        "Relief Purchase": 0.0,
        "Relief Transportation": 0.0,
        "Evacuee Transportation": 0.0,
        "Relief Dumping": 0.0
    }
}