{
    "ub": 2926746.521042257,
    "num_cuts": 3842,
    "comp_time": 17.27419638633728,
    "obj": 2926746.520285035,
    "MIP_gap": 4.773163142898914e-16,
    "num_nodes": 80.0,
    "zJ": [
        [
            0,
            0,
            0,
            0,
            0,
            0,
            0,
            0,
            0,
            0,
            0,
            0,
            0,
            0,
            0
        ],
        [
            1,
            1,
            1,
            1,
            1,
            1,
            1,
            1,
            1,
            1,
            1,
            1,
            1,
            1,
            1
        ],
        [
            1,
            1,
            1,
            1,
            1,
            1,
            1,
            1,
            1,
            1,
            1,
            1,
            1,
            1,
            1
        ]
    ],
    "lJ": [
        [
            0.0,
            0.0,
            0.0,
            0.0,
            0.0,
            0.0,
            0.0,
            0.0,
            0.0,
            0.0,
            0.0,
            0.0,
            0.0,
            0.0,
            0.0
        ],
        [
            0.0,
            0.0,
            0.0,
            0.0,
            1335.4979999995771,
            7789.7371899996515,
            15307.986967737641,
            23715.709881653194,
            29485.0,
            29485.0,
            29485.0,
            25648.09116680138,
            22774.753331602282,
            13489.325706713475,
            0.0
        ],
        [
            0.0,
            0.0,
            0.0,
            0.0,
            741.2720000004228,
            5100.163930000338,
            19814.33512521415,
            38113.0,
            38113.0,
            38113.0,
            38113.0,
            38113.0,
            37460.45200000002,
            27141.198067550504,
            0.0
        ]
    ],
    "eI_t0": [
        13474.0,
        40905.0,
        24638.0
    ],
    "eJ_t0": [
        0.0,
        0.0,
        0.0
    ],
    "cost_t0": {
        "Fixed": 844975.0,
        "Relief Inventory": 0.0,
        "Evacuee Inventory": 0.0,
        "Penalty": 0.0,
        "Emergency": 0.0,
        "Relief Purchase": 0.0,
        "Relief Transportation": 0.0,
        "Evacuee Transportation": 0.0,
        "Relief Dumping": 0.0
    }
}