{
    "ub": 2033368.9475600254,
    "num_cuts": 219421,
    "comp_time": 5798.762236595154,
    "obj": 2033364.2860574303,
    "MIP_gap": 9.133936209900548e-05,
    "num_nodes": 3918.0,
    "zJ": [
        [
            1,
            1,
            1,
            1,
            1,
            1,
            1,
            1,
            1,
            1,
            1
        ],
        [
            0,
            0,
            0,
            0,
            0,
            0,
            0,
            0,
            0,
            0,
            0
        ],
        [
            1,
            1,
            1,
            1,
            1,
            1,
            1,
            1,
            1,
            1,
            1
        ],
        [
            0,
            0,
            0,
            0,
            0,
            0,
            0,
            0,
            0,
            0,
            0
        ],
        [
            1,
            1,
            1,
            1,
            1,
            1,
            1,
            1,
            1,
            1,
            1
        ],
        [
            0,
            0,
            0,
            0,
            0,
            0,
            0,
            0,
            0,
            0,
            0
        ],
        [
            1,
            1,
            1,
            1,
            1,
            1,
            1,
            1,
            1,
            1,
            1
        ],
        [
            1,
            1,
            1,
            1,
            1,
            1,
            1,
            1,
            1,
            1,
            1
        ],
        [
            1,
            1,
            1,
            1,
            1,
            1,
            1,
            1,
            1,
            1,
            1
        ],
        [
            0,
            0,
            0,
            0,
            0,
            0,
            0,
            0,
            0,
            0,
            0
        ]
    ],
    "lJ": [
        [
            0.0,
            0.0,
            0.0,
            0.0,
            1497.9096639269262,
            4077.1158407135863,
            4595.773307422234,
            4608.37288848035,
            4618.366792301841,
            4617.8803307564385,
            0.0
        ],
        [
            0.0,
            0.0,
            0.0,
            0.0,
            0.0,
            0.0,
            0.0,
            0.0,
            0.0,
            0.0,
            0.0
        ],
        [
            0.0,
            0.0,
            0.0,
            0.0,
            8.076445767060116,
            663.5267691227034,
            1814.6402619888695,
            5955.137575068425,
            5955.137575068147,
            5955.602649816104,
            0.0
        ],
        [
            0.0,
            0.0,
            0.0,
            0.0,
            0.0,
            0.0,
            0.0,
            0.0,
            0.0,
            0.0,
            0.0
        ],
        [
            0.0,
            0.062472302438060096,
            0.0,
            0.0,
            0.0557433616042018,
            0.40440911648345995,
            0.40901923420715314,
            2.6155850985378573,
            1720.077353508344,
            0.042618962457420535,
            0.0
        ],
        [
            0.0,
            0.0,
            0.0,
            0.0,
            0.0,
            0.0,
            0.0,
            0.0,
            0.0,
            0.0,
            0.0
        ],
        [
            0.0,
            0.0,
            0.0,
            0.0,
            475.5808579092626,
            2132.2328490225873,
            5357.436068200586,
            5594.687280317491,
            5606.690940846284,
            5606.545691315251,
            0.0
        ],
        [
            0.0,
            0.399205230404475,
            0.0,
            0.7884779876637596,
            2063.581551325214,
            6319.276672028056,
            13226.683289149278,
            21749.021142675272,
            29975.951903384157,
            32573.980450512616,
            0.0
        ],
        [
            0.0,
            0.0,
            0.448981370563505,
            0.20589452978706657,
            0.0017634415805069508,
            758.0379964340522,
            2348.10326068091,
            5866.242443923548,
            7422.0,
            7421.956975936216,
            0.0
        ],
        [
            0.0,
            0.0,
            0.0,
            0.0,
            0.0,
            0.0,
            0.0,
            0.0,
            0.0,
            0.0,
            0.0
        ]
    ],
    "eI_t0": [
        4984.0,
        4179.0,
        30823.0,
        14914.0,
        1466.0,
        2090.0,
        7024.0,
        4439.0,
        2907.0,
        6191.0
    ],
    "eJ_t0": [
        0.0,
        0.0,
        0.0,
        0.0,
        0.0,
        0.0,
        0.0,
        0.0,
        0.0,
        0.0
    ],
    "cost_t0": {
        "Fixed": 793527.0,
        "Relief Inventory": 0.0,
        "Evacuee Inventory": 0.0,
        "Penalty": 0.0,
        "Emergency": 0.0,
        "Relief Purchase": 0.0,
        "Relief Transportation": 0.0,
        "Evacuee Transportation": 0.0,
        "Relief Dumping": 0.0
    }
}