{
    "ub": 2008642.2995782571,
    "num_cuts": 40088,
    "comp_time": 21697.624361515045,
    "gap": 0.03547518315401339,
    "lb": 1937385.3461098198,
    "num_itr": 401,
    "zJ": [
        [
            1,
            1,
            1,
            1,
            1,
            1,
            1,
            1,
            1,
            1,
            1
        ],
        [
            1,
            1,
            1,
            1,
            1,
            1,
            1,
            1,
            1,
            1,
            1
        ],
        [
            1,
            1,
            1,
            1,
            1,
            1,
            1,
            1,
            1,
            1,
            1
        ],
        [
            1,
            1,
            1,
            1,
            1,
            1,
            1,
            1,
            1,
            1,
            1
        ],
        [
            1,
            1,
            1,
            1,
            1,
            1,
            1,
            1,
            1,
            1,
            1
        ],
        [
            1,
            1,
            1,
            1,
            1,
            1,
            1,
            1,
            1,
            1,
            1
        ],
        [
            1,
            1,
            1,
            1,
            1,
            1,
            1,
            1,
            1,
            1,
            1
        ],
        [
            0,
            0,
            0,
            0,
            0,
            0,
            0,
            0,
            0,
            0,
            0
        ],
        [
            1,
            1,
            1,
            1,
            1,
            1,
            1,
            1,
            1,
            1,
            1
        ],
        [
            0,
            0,
            0,
            0,
            0,
            0,
            0,
            0,
            0,
            0,
            0
        ]
    ],
    "lJ": [
        [
            0.0,
            0.0,
            0.0,
            0.0,
            4234.190044318173,
            6915.0,
            6915.0,
            2255.12195262562,
            4006.7714435114754,
            3959.412139306809,
            0.0
        ],
        [
            0.0,
            0.0,
            0.0,
            0.0,
            0.0,
            9427.0,
            952.220992785277,
            9427.0,
            8182.139534274744,
            8881.644877912726,
            0.0
        ],
        [
            0.0,
            0.0,
            0.0,
            0.0,
            5956.0,
            0.0,
            5956.0,
            5956.0,
            4448.975618820229,
            5956.0,
            0.0
        ],
        [
            0.0,
            22.10805534168082,
            668.3686930638428,
            1845.7500890718322,
            3265.985580745707,
            9321.0,
            1788.0284212046502,
            5043.888957229797,
            4252.787161613859,
            6842.225150737768,
            0.0
        ],
        [
            0.0,
            1253.1513898843716,
            1144.6327844010286,
            0.0,
            834.8437489584053,
            0.0,
            2410.6759551796395,
            3555.1501881790564,
            10224.970407849436,
            1143.2759528244007,
            0.0
        ],
        [
            0.0,
            0.0,
            0.0,
            0.0,
            0.0,
            6803.510154134854,
            7644.618396595118,
            6324.507504099301,
            11794.944998222623,
            11544.901682897786,
            0.0
        ],
        [
            0.0,
            0.0,
            0.0,
            0.0,
            44.01266960252562,
            1585.4769644881364,
            5442.4367552524745,
            5419.219697389338,
            5607.0,
            5584.412637206996,
            0.0
        ],
        [
            0.0,
            0.0,
            0.0,
            0.0,
            0.0,
            0.0,
            0.0,
            0.0,
            0.0,
            0.0,
            0.0
        ],
        [
            0.0,
            0.0,
            0.0,
            0.0,
            0.0,
            632.8570051959355,
            3347.1927800316985,
            2316.9598249310443,
            7422.0,
            6374.431962461127,
            0.0
        ],
        [
            0.0,
            0.0,
            0.0,
            0.0,
            0.0,
            0.0,
            0.0,
            0.0,
            0.0,
            0.0,
            0.0
        ]
    ],
    "eI_t0": [
        4984.0,
        4179.0,
        30823.0,
        14914.0,
        1466.0,
        2090.0,
        7024.0,
        4439.0,
        2907.0,
        6191.0
    ],
    "eJ_t0": [
        0.0,
        0.0,
        0.0,
        0.0,
        0.0,
        0.0,
        0.0,
        0.0,
        0.0,
        0.0
    ],
    "cost_t0": {
        "Fixed": 779856.0,
        "Relief Inventory": 0.0,
        "Evacuee Inventory": 0.0,
        "Penalty": 0.0,
        "Emergency": 0.0,
        "Relief Purchase": 0.0,
        "Relief Transportation": 0.0,
        "Evacuee Transportation": 0.0,
        "Relief Dumping": 0.0
    }
}