{
    "ub": 19555865.649223443,
    "num_cuts": 289373,
    "comp_time": 9453.045911073685,
    "obj": 19555862.551641956,
    "MIP_gap": 0.0,
    "num_nodes": 6443.0,
    "zJ": [
        [
            1,
            1,
            1,
            1,
            1,
            1,
            1,
            1,
            1,
            1,
            1,
            1,
            1,
            1,
            1
        ],
        [
            1,
            1,
            1,
            1,
            1,
            1,
            1,
            1,
            1,
            1,
            1,
            1,
            1,
            1,
            1
        ],
        [
            1,
            1,
            1,
            1,
            1,
            1,
            1,
            1,
            1,
            1,
            1,
            1,
            1,
            1,
            1
        ],
        [
            0,
            0,
            0,
            0,
            0,
            0,
            0,
            0,
            0,
            0,
            0,
            0,
            0,
            0,
            0
        ],
        [
            1,
            1,
            1,
            1,
            1,
            1,
            1,
            1,
            1,
            1,
            1,
            1,
            1,
            1,
            1
        ],
        [
            1,
            1,
            1,
            1,
            1,
            1,
            1,
            1,
            1,
            1,
            1,
            1,
            1,
            1,
            1
        ],
        [
            0,
            0,
            0,
            0,
            0,
            0,
            0,
            0,
            0,
            0,
            0,
            0,
            0,
            0,
            0
        ],
        [
            1,
            1,
            1,
            1,
            1,
            1,
            1,
            1,
            1,
            1,
            1,
            1,
            1,
            1,
            1
        ],
        [
            1,
            1,
            1,
            1,
            1,
            1,
            1,
            1,
            1,
            1,
            1,
            1,
            1,
            1,
            1
        ],
        [
            1,
            1,
            1,
            1,
            1,
            1,
            1,
            1,
            1,
            1,
            1,
            1,
            1,
            1,
            1
        ]
    ],
    "lJ": [
        [
            0.0,
            0.0,
            0.0,
            0.008800686363847182,
            1176.0309697626824,
            5725.819592319152,
            14178.20066791345,
            27567.566067249383,
            37336.0,
            37324.11077494459,
            37336.0,
            37336.0,
            37336.0,
            37335.99971251712,
            0.0
        ],
        [
            0.0,
            0.0,
            0.0,
            0.06689770490258366,
            5298.492059473554,
            10235.75704115941,
            13143.22222623801,
            54398.13654906203,
            59549.998277196566,
            59550.0,
            59550.0,
            59550.0,
            59550.0,
            59550.0,
            0.0
        ],
        [
            0.0,
            0.0,
            0.0,
            0.0,
            10432.132869124443,
            40270.467084956,
            102055.60607668327,
            149577.85403213176,
            209908.08233973404,
            195581.93610222315,
            211220.0,
            211219.99488995204,
            211220.0,
            211220.0,
            0.0
        ],
        [
            0.0,
            0.0,
            0.0,
            0.0,
            0.0,
            0.0,
            0.0,
            0.0,
            0.0,
            0.0,
            0.0,
            0.0,
            0.0,
            0.0,
            0.0
        ],
        [
            0.0,
            0.0,
            0.0,
            0.0,
            11887.96888209346,
            22942.05174324268,
            30812.78205670451,
            44553.162893487504,
            39333.38148987676,
            43742.88022548055,
            49798.999963145456,
            49799.0,
            49799.0,
            49799.0,
            0.0
        ],
        [
            0.0,
            0.0,
            0.0,
            0.005181206053188652,
            3813.6420200191756,
            9838.40796580487,
            42092.90552265742,
            71246.44966785432,
            82363.5751296577,
            77922.86789968883,
            93101.0,
            93101.0,
            93101.0,
            93101.0,
            0.0
        ],
        [
            0.0,
            0.0,
            0.0,
            0.0,
            0.0,
            0.0,
            0.0,
            0.0,
            0.0,
            0.0,
            0.0,
            0.0,
            0.0,
            0.0,
            0.0
        ],
        [
            0.0,
            0.0021089250248700407,
            0.13352555890316334,
            0.15776787212714613,
            50.13490266871871,
            2737.733581349383,
            3327.96211608858,
            25529.980523870618,
            25529.981334349482,
            25529.999999999924,
            25530.0,
            25530.0,
            25529.999999999778,
            25530.0,
            0.0
        ],
        [
            0.0,
            0.0,
            0.0,
            0.0,
            1059.0766960268907,
            20122.82309306787,
            44645.00649899583,
            91203.91939786672,
            93449.0,
            93449.0,
            93448.99980584755,
            93449.0,
            93449.0,
            93449.0,
            0.0
        ],
        [
            0.0,
            0.0,
            0.001715207847561135,
            0.0,
            8411.68087058076,
            33433.948657466135,
            76886.26018583779,
            112120.07264514217,
            143415.0,
            143414.98658548965,
            143414.99902320423,
            143415.0,
            143414.99998242912,
            143415.0,
            0.0
        ]
    ],
    "eI_t0": [
        14556.0,
        42754.0,
        127904.0,
        37009.0,
        23758.0,
        72621.0,
        152416.0,
        93376.0,
        164881.0,
        61095.0
    ],
    "eJ_t0": [
        0.0,
        0.0,
        0.0,
        0.0,
        0.0,
        0.0,
        0.0,
        0.0,
        0.0,
        0.0
    ],
    "cost_t0": {
        "Fixed": 8917500.0,
        "Relief Inventory": 0.0,
        "Evacuee Inventory": 0.0,
        "Penalty": 0.0,
        "Emergency": 0.0,
        "Relief Purchase": 0.0,
        "Relief Transportation": 0.0,
        "Evacuee Transportation": 0.0,
        "Relief Dumping": 0.0
    }
}