{
    "ub": 2006284.5840053568,
    "num_cuts": 27186,
    "comp_time": 441.3736946582794,
    "obj": 2006282.590698916,
    "MIP_gap": 0.0,
    "num_nodes": 2820.0,
    "zJ": [
        [
            0,
            0,
            0,
            0,
            0,
            0,
            0,
            0,
            0,
            0,
            0
        ],
        [
            1,
            1,
            1,
            1,
            1,
            1,
            1,
            1,
            1,
            1,
            1
        ],
        [
            0,
            0,
            0,
            0,
            0,
            0,
            0,
            0,
            0,
            0,
            0
        ],
        [
            0,
            0,
            0,
            0,
            0,
            0,
            0,
            0,
            0,
            0,
            0
        ],
        [
            1,
            1,
            1,
            1,
            1,
            1,
            1,
            1,
            1,
            1,
            1
        ],
        [
            0,
            0,
            0,
            0,
            0,
            0,
            0,
            0,
            0,
            0,
            0
        ],
        [
            1,
            1,
            1,
            1,
            1,
            1,
            1,
            1,
            1,
            1,
            1
        ],
        [
            1,
            1,
            1,
            1,
            1,
            1,
            1,
            1,
            1,
            1,
            1
        ],
        [
            1,
            1,
            1,
            1,
            1,
            1,
            1,
            1,
            1,
            1,
            1
        ],
        [
            0,
            0,
            0,
            0,
            0,
            0,
            0,
            0,
            0,
            0,
            0
        ]
    ],
    "lJ": [
        [
            0.0,
            0.0,
            0.0,
            0.0,
            0.0,
            0.0,
            0.0,
            0.0,
            0.0,
            0.0,
            0.0
        ],
        [
            0.0,
            0.0,
            0.0,
            0.0,
            548.6712955115503,
            1875.2530363592382,
            6067.507684471373,
            8021.460014636262,
            9427.0,
            9427.0,
            0.0
        ],
        [
            0.0,
            0.0,
            0.0,
            0.0,
            0.0,
            0.0,
            0.0,
            0.0,
            0.0,
            0.0,
            0.0
        ],
        [
            0.0,
            0.0,
            0.0,
            0.0,
            0.0,
            0.0,
            0.0,
            0.0,
            0.0,
            0.0,
            0.0
        ],
        [
            0.0,
            0.0,
            0.0,
            0.0,
            0.0,
            0.0,
            0.0,
            661.1713134203445,
            3253.654980964598,
            0.0,
            0.0
        ],
        [
            0.0,
            0.0,
            0.0,
            0.0,
            0.0,
            0.0,
            0.0,
            0.0,
            0.0,
            0.0,
            0.0
        ],
        [
            0.0,
            0.0,
            0.0,
            0.0,
            1413.5192702566476,
            4935.0035684277545,
            5607.0,
            5607.0,
            5607.0,
            5607.0,
            0.0
        ],
        [
            0.0,
            0.0,
            0.0,
            0.0,
            2081.3018403673213,
            6982.165673230119,
            13745.038970945676,
            22532.93961546262,
            29128.198405468334,
            32574.0,
            0.0
        ],
        [
            0.0,
            0.0,
            0.0,
            0.0,
            0.0,
            0.0,
            1649.4258156629758,
            5606.893121055667,
            7422.0,
            7422.0,
            0.0
        ],
        [
            0.0,
            0.0,
            0.0,
            0.0,
            0.0,
            0.0,
            0.0,
            0.0,
            0.0,
            0.0,
            0.0
        ]
    ],
    "eI_t0": [
        4984.0,
        4179.0,
        30823.0,
        14914.0,
        1466.0,
        2090.0,
        7024.0,
        4439.0,
        2907.0,
        6191.0
    ],
    "eJ_t0": [
        0.0,
        0.0,
        0.0,
        0.0,
        0.0,
        0.0,
        0.0,
        0.0,
        0.0,
        0.0
    ],
    "cost_t0": {
        "Fixed": 757365.0,
        "Relief Inventory": 0.0,
        "Evacuee Inventory": 0.0,
        "Penalty": 0.0,
        "Emergency": 0.0,
        "Relief Purchase": 0.0,
        "Relief Transportation": 0.0,
        "Evacuee Transportation": 0.0,
        "Relief Dumping": 0.0
    }
}