{
    "ub": 3066026.048250406,
    "num_cuts": 247019,
    "comp_time": 7584.858651399612,
    "obj": 3066015.108929684,
    "MIP_gap": 0.0,
    "num_nodes": 4476.0,
    "zJ": [
        [
            0,
            0,
            0,
            0,
            0,
            0,
            0,
            0,
            0,
            0,
            0
        ],
        [
            1,
            1,
            1,
            1,
            1,
            1,
            1,
            1,
            1,
            1,
            1
        ],
        [
            1,
            1,
            1,
            1,
            1,
            1,
            1,
            1,
            1,
            1,
            1
        ],
        [
            1,
            1,
            1,
            1,
            1,
            1,
            1,
            1,
            1,
            1,
            1
        ],
        [
            1,
            1,
            1,
            1,
            1,
            1,
            1,
            1,
            1,
            1,
            1
        ],
        [
            1,
            1,
            1,
            1,
            1,
            1,
            1,
            1,
            1,
            1,
            1
        ],
        [
            0,
            0,
            0,
            0,
            0,
            0,
            0,
            0,
            0,
            0,
            0
        ],
        [
            0,
            0,
            0,
            0,
            0,
            0,
            0,
            0,
            0,
            0,
            0
        ],
        [
            1,
            1,
            1,
            1,
            1,
            1,
            1,
            1,
            1,
            1,
            1
        ],
        [
            1,
            1,
            1,
            1,
            1,
            1,
            1,
            1,
            1,
            1,
            1
        ]
    ],
    "lJ": [
        [
            0.0,
            0.0,
            0.0,
            0.0,
            0.0,
            0.0,
            0.0,
            0.0,
            0.0,
            0.0,
            0.0
        ],
        [
            0.0,
            0.0,
            0.0,
            0.0095043177415268,
            1.6334894657506227,
            1708.5589395161874,
            4831.951219214508,
            7552.435699237686,
            9423.442268002087,
            9425.288769752717,
            0.0
        ],
        [
            0.0,
            0.0,
            0.0,
            0.024169896595363415,
            1.6869950886105975,
            420.7436819790556,
            2273.3999122451405,
            4851.563709098909,
            5954.0347934184865,
            5955.681411513064,
            0.0
        ],
        [
            0.0,
            0.0,
            0.0,
            0.0,
            0.004210003289492588,
            7.440460465798547,
            9.025282076818465,
            17.24027693986222,
            1196.6228352806984,
            17.28499405588824,
            0.0
        ],
        [
            0.0,
            0.0,
            0.0,
            0.6597607381386269,
            0.0,
            1.6900722268467034,
            0.002463112020637718,
            0.029369439600935136,
            0.0,
            0.23418641433129384,
            0.0
        ],
        [
            0.0,
            0.0,
            0.0,
            0.0,
            2.121862070687608,
            2369.371047265895,
            5987.72548663454,
            10669.933476805103,
            12520.164179769245,
            12520.308875943105,
            0.0
        ],
        [
            0.0,
            0.0,
            0.0,
            0.0,
            0.0,
            0.0,
            0.0,
            0.0,
            0.0,
            0.0,
            0.0
        ],
        [
            0.0,
            0.0,
            0.0,
            0.0,
            0.0,
            0.0,
            0.0,
            0.0,
            0.0,
            0.0,
            0.0
        ],
        [
            0.0,
            0.011500517274896817,
            0.0039317331386764355,
            0.0,
            0.6418370588640703,
            0.6133261637571438,
            2456.651745885266,
            7420.861370656919,
            7421.562950461013,
            7420.8463824558885,
            0.0
        ],
        [
            0.0,
            0.0,
            0.0,
            0.0,
            0.008696694921309856,
            1.1194128704945914,
            98.70590633787162,
            796.1266746257106,
            2311.525144702037,
            796.0645517453656,
            0.0
        ]
    ],
    "eI_t0": [
        4984.0,
        4179.0,
        30823.0,
        14914.0,
        1466.0,
        2090.0,
        7024.0,
        4439.0,
        2907.0,
        6191.0
    ],
    "eJ_t0": [
        0.0,
        0.0,
        0.0,
        0.0,
        0.0,
        0.0,
        0.0,
        0.0,
        0.0,
        0.0
    ],
    "cost_t0": {
        "Fixed": 777430.5,
        "Relief Inventory": 0.0,
        "Evacuee Inventory": 0.0,
        "Penalty": 0.0,
        "Emergency": 0.0,
        "Relief Purchase": 0.0,
        "Relief Transportation": 0.0,
        "Evacuee Transportation": 0.0,
        "Relief Dumping": 0.0
    }
}