{
    "ub": 30484038.9584206,
    "num_cuts": 248162,
    "comp_time": 8561.30809545517,
    "obj": 30484025.34319082,
    "MIP_gap": 0.0,
    "num_nodes": 6142.0,
    "zJ": [
        [
            1,
            1,
            1,
            1,
            1,
            1,
            1,
            1,
            1,
            1,
            1,
            1,
            1,
            1,
            1
        ],
        [
            1,
            1,
            1,
            1,
            1,
            1,
            1,
            1,
            1,
            1,
            1,
            1,
            1,
            1,
            1
        ],
        [
            1,
            1,
            1,
            1,
            1,
            1,
            1,
            1,
            1,
            1,
            1,
            1,
            1,
            1,
            1
        ],
        [
            0,
            0,
            0,
            0,
            0,
            0,
            0,
            0,
            0,
            0,
            0,
            0,
            0,
            0,
            0
        ],
        [
            1,
            1,
            1,
            1,
            1,
            1,
            1,
            1,
            1,
            1,
            1,
            1,
            1,
            1,
            1
        ],
        [
            1,
            1,
            1,
            1,
            1,
            1,
            1,
            1,
            1,
            1,
            1,
            1,
            1,
            1,
            1
        ],
        [
            0,
            0,
            0,
            0,
            0,
            0,
            0,
            0,
            0,
            0,
            0,
            0,
            0,
            0,
            0
        ],
        [
            1,
            1,
            1,
            1,
            1,
            1,
            1,
            1,
            1,
            1,
            1,
            1,
            1,
            1,
            1
        ],
        [
            1,
            1,
            1,
            1,
            1,
            1,
            1,
            1,
            1,
            1,
            1,
            1,
            1,
            1,
            1
        ],
        [
            1,
            1,
            1,
            1,
            1,
            1,
            1,
            1,
            1,
            1,
            1,
            1,
            1,
            1,
            1
        ]
    ],
    "lJ": [
        [
            0.0,
            0.011111025651580897,
            0.0,
            0.2830820875598243,
            1285.1321816723175,
            5839.910343084846,
            13430.77656792807,
            25664.089800788588,
            34939.51879156041,
            34939.46826187345,
            37336.0,
            37335.4374771377,
            37336.0,
            37335.99624661996,
            0.0
        ],
        [
            0.0,
            0.0,
            0.0,
            0.05557300769838493,
            3857.925877211499,
            6811.3082174058345,
            14630.743623230816,
            52755.77029359234,
            59550.0,
            59549.99999999999,
            59550.0,
            59549.748805232506,
            59550.0,
            59550.0,
            0.0
        ],
        [
            0.0,
            0.0,
            0.0,
            0.0,
            11604.274704237489,
            41359.53149738043,
            102661.61132204114,
            143142.40124018534,
            198491.76753993874,
            187225.0492598091,
            211220.0,
            211220.0,
            211220.0,
            211220.0,
            0.0
        ],
        [
            0.0,
            0.0,
            0.0,
            0.0,
            0.0,
            0.0,
            0.0,
            0.0,
            0.0,
            0.0,
            0.0,
            0.0,
            0.0,
            0.0,
            0.0
        ],
        [
            0.0,
            0.0,
            0.0,
            0.0,
            597.0716612935952,
            4623.457959441349,
            12614.989880685289,
            13044.59806665194,
            16565.314814077825,
            20448.80945821893,
            26191.69895858686,
            26192.851683144014,
            29448.699631155687,
            32100.570442396922,
            0.0
        ],
        [
            0.0,
            0.0,
            0.0,
            0.0,
            3465.8780045329795,
            11356.554129765767,
            26160.652028164273,
            38834.72817702914,
            51819.966071065515,
            63086.01389454417,
            93095.73574791913,
            93095.09504978833,
            93100.97325336072,
            93101.0,
            0.0
        ],
        [
            0.0,
            0.0,
            0.0,
            0.0,
            0.0,
            0.0,
            0.0,
            0.0,
            0.0,
            0.0,
            0.0,
            0.0,
            0.0,
            0.0,
            0.0
        ],
        [
            0.0,
            0.0480062648974562,
            0.1655491817556493,
            0.6033274461634754,
            1.906637950851071,
            2737.851565118039,
            3327.1341186210616,
            25530.0,
            25530.0,
            25530.0,
            25529.96238601193,
            25530.0,
            25530.0,
            25530.0,
            0.0
        ],
        [
            0.0,
            0.0,
            0.0,
            0.0,
            4023.080067507512,
            24146.100369357428,
            43157.09910131173,
            93444.90650607338,
            93447.82233595267,
            93448.51575350735,
            93448.96038440279,
            93449.0,
            93449.0,
            93449.0,
            0.0
        ],
        [
            0.0,
            0.0,
            0.009608094280724557,
            0.009608094197500057,
            8424.323465655245,
            31605.466490532934,
            75563.24804010554,
            110810.36335855929,
            142104.79765284018,
            142105.174871484,
            143415.0,
            143415.0,
            143414.93997446902,
            143415.0,
            0.0
        ]
    ],
    "eI_t0": [
        14556.0,
        42754.0,
        127904.0,
        37009.0,
        23758.0,
        72621.0,
        152416.0,
        93376.0,
        164881.0,
        61095.0
    ],
    "eJ_t0": [
        0.0,
        0.0,
        0.0,
        0.0,
        0.0,
        0.0,
        0.0,
        0.0,
        0.0,
        0.0
    ],
    "cost_t0": {
        "Fixed": 8917500.0,
        "Relief Inventory": 0.0,
        "Evacuee Inventory": 0.0,
        "Penalty": 0.0,
        "Emergency": 0.0,
        "Relief Purchase": 0.0,
        "Relief Transportation": 0.0,
        "Evacuee Transportation": 0.0,
        "Relief Dumping": 0.0
    }
}