{
    "ub": 30201096.023876473,
    "num_cuts": 280015,
    "comp_time": 10545.786489248276,
    "obj": 30201083.538599562,
    "MIP_gap": 1.2334955776340524e-16,
    "num_nodes": 6238.0,
    "zJ": [
        [
            1,
            1,
            1,
            1,
            1,
            1,
            1,
            1,
            1,
            1,
            1,
            1,
            1,
            1,
            1
        ],
        [
            1,
            1,
            1,
            1,
            1,
            1,
            1,
            1,
            1,
            1,
            1,
            1,
            1,
            1,
            1
        ],
        [
            1,
            1,
            1,
            1,
            1,
            1,
            1,
            1,
            1,
            1,
            1,
            1,
            1,
            1,
            1
        ],
        [
            0,
            0,
            0,
            0,
            0,
            0,
            0,
            0,
            0,
            0,
            0,
            0,
            0,
            0,
            0
        ],
        [
            1,
            1,
            1,
            1,
            1,
            1,
            1,
            1,
            1,
            1,
            1,
            1,
            1,
            1,
            1
        ],
        [
            1,
            1,
            1,
            1,
            1,
            1,
            1,
            1,
            1,
            1,
            1,
            1,
            1,
            1,
            1
        ],
        [
            0,
            0,
            0,
            0,
            0,
            0,
            0,
            0,
            0,
            0,
            0,
            0,
            0,
            0,
            0
        ],
        [
            1,
            1,
            1,
            1,
            1,
            1,
            1,
            1,
            1,
            1,
            1,
            1,
            1,
            1,
            1
        ],
        [
            1,
            1,
            1,
            1,
            1,
            1,
            1,
            1,
            1,
            1,
            1,
            1,
            1,
            1,
            1
        ],
        [
            1,
            1,
            1,
            1,
            1,
            1,
            1,
            1,
            1,
            1,
            1,
            1,
            1,
            1,
            1
        ]
    ],
    "lJ": [
        [
            0.0,
            0.0,
            0.05503998794405135,
            0.13324503705512497,
            1282.8433665684704,
            5841.4580298808,
            13458.045259871127,
            25718.058929164978,
            34941.21715570713,
            34941.1491232906,
            37336.0,
            37336.0,
            37336.0,
            37336.0,
            0.0
        ],
        [
            0.0,
            0.0,
            0.0,
            0.0,
            2997.360600829668,
            6811.232327228775,
            15058.219116842518,
            52659.23651512053,
            59546.037609014296,
            59549.623190254526,
            59549.9949786449,
            59550.0,
            59549.99815529455,
            59549.888382757876,
            0.0
        ],
        [
            0.0,
            0.0,
            0.0,
            0.0,
            11926.234198074375,
            42266.38857007662,
            104547.73725124668,
            143267.21196920975,
            202282.8277770093,
            190603.0237045842,
            211220.0,
            211220.0,
            211220.0,
            211220.0,
            0.0
        ],
        [
            0.0,
            0.0,
            0.0,
            0.0,
            0.0,
            0.0,
            0.0,
            0.0,
            0.0,
            0.0,
            0.0,
            0.0,
            0.0,
            0.0,
            0.0
        ],
        [
            0.0,
            0.0,
            0.0,
            0.0,
            604.6256912589954,
            4973.963650359965,
            12485.75874771029,
            13125.952750140483,
            17037.469540957616,
            20796.86565831477,
            26513.086160937142,
            27052.0883339911,
            30331.788117231983,
            32274.06596395263,
            0.0
        ],
        [
            0.0,
            0.0,
            0.0,
            0.0,
            3850.062928715214,
            11747.349120244993,
            26591.490323631726,
            39265.40659924415,
            51836.25998943415,
            63511.90556421204,
            93100.96725815345,
            92561.95022662793,
            91885.889448716,
            93100.42699696205,
            0.0
        ],
        [
            0.0,
            0.0,
            0.0,
            0.0,
            0.0,
            0.0,
            0.0,
            0.0,
            0.0,
            0.0,
            0.0,
            0.0,
            0.0,
            0.0,
            0.0
        ],
        [
            0.0,
            0.05997658469093199,
            0.0,
            0.42165377765356954,
            207.6784648382831,
            2736.9797271860493,
            3326.5289348766782,
            25529.6872075304,
            25529.62046141486,
            25530.0,
            25530.0,
            25530.0,
            25529.98443731114,
            25530.0,
            0.0
        ],
        [
            0.0,
            0.0,
            0.0,
            0.0,
            4057.8114134231723,
            24035.0817850708,
            42730.58523147762,
            93430.49941144836,
            93449.0,
            93448.98499127071,
            93449.0,
            93449.0,
            93448.9816832077,
            93448.85161222522,
            0.0
        ],
        [
            0.0,
            0.0,
            0.06632658501827857,
            0.0,
            8253.958150007691,
            30297.150351156884,
            73347.17457969494,
            100743.160343469,
            137556.95766851294,
            137556.96637837513,
            143415.0,
            143415.0,
            143415.0,
            143414.99291019968,
            0.0
        ]
    ],
    "eI_t0": [
        14556.0,
        42754.0,
        127904.0,
        37009.0,
        23758.0,
        72621.0,
        152416.0,
        93376.0,
        164881.0,
        61095.0
    ],
    "eJ_t0": [
        0.0,
        0.0,
        0.0,
        0.0,
        0.0,
        0.0,
        0.0,
        0.0,
        0.0,
        0.0
    ],
    "cost_t0": {
        "Fixed": 8917500.0,
        "Relief Inventory": 0.0,
        "Evacuee Inventory": 0.0,
        "Penalty": 0.0,
        "Emergency": 0.0,
        "Relief Purchase": 0.0,
        "Relief Transportation": 0.0,
        "Evacuee Transportation": 0.0,
        "Relief Dumping": 0.0
    }
}