{
    "ub": 1898269.8318433103,
    "num_cuts": 4198,
    "comp_time": 18.114057779312134,
    "obj": 1898269.8318433089,
    "MIP_gap": 0.0,
    "num_nodes": 75.0,
    "zJ": [
        [
            0,
            0,
            0,
            0,
            0,
            0,
            0,
            0,
            0,
            0,
            0,
            0,
            0,
            0,
            0
        ],
        [
            1,
            1,
            1,
            1,
            1,
            1,
            1,
            1,
            1,
            1,
            1,
            1,
            1,
            1,
            1
        ],
        [
            1,
            1,
            1,
            1,
            1,
            1,
            1,
            1,
            1,
            1,
            1,
            1,
            1,
            1,
            1
        ]
    ],
    "lJ": [
        [
            0.0,
            0.0,
            0.0,
            0.0,
            0.0,
            0.0,
            0.0,
            0.0,
            0.0,
            0.0,
            0.0,
            0.0,
            0.0,
            0.0,
            0.0
        ],
        [
            0.0,
            0.0,
            0.0,
            496.4299999995577,
            3524.5670043594105,
            12797.359429119606,
            22452.39234873643,
            29484.999999999996,
            29484.999999999978,
            29485.0,
            29485.0,
            29485.0,
            29485.0,
            29485.0,
            0.0
        ],
        [
            0.0,
            0.0,
            0.0,
            2.071942617476452e-11,
            1386.9060000000113,
            6988.672786615874,
            21259.863942596447,
            38113.0,
            38113.0,
            38113.0,
            38113.0,
            38113.0,
            38113.0,
            30808.508190657263,
            0.0
        ]
    ],
    "eI_t0": [
        13474.0,
        40905.0,
        24638.0
    ],
    "eJ_t0": [
        0.0,
        0.0,
        0.0
    ],
    "cost_t0": {
        "Fixed": 844975.0,
        "Relief Inventory": 0.0,
        "Evacuee Inventory": 0.0,
        "Penalty": 0.0,
        "Emergency": 0.0,
        "Relief Purchase": 0.0,
        "Relief Transportation": 0.0,
        "Evacuee Transportation": 0.0,
        "Relief Dumping": 0.0
    }
}