{
    "ub": 39401531.466889076,
    "num_cuts": 263582,
    "comp_time": 8910.009776115417,
    "obj": 39401523.96915201,
    "MIP_gap": 0.0,
    "num_nodes": 6226.0,
    "zJ": [
        [
            1,
            1,
            1,
            1,
            1,
            1,
            1,
            1,
            1,
            1,
            1,
            1,
            1,
            1,
            1
        ],
        [
            1,
            1,
            1,
            1,
            1,
            1,
            1,
            1,
            1,
            1,
            1,
            1,
            1,
            1,
            1
        ],
        [
            1,
            1,
            1,
            1,
            1,
            1,
            1,
            1,
            1,
            1,
            1,
            1,
            1,
            1,
            1
        ],
        [
            0,
            0,
            0,
            0,
            0,
            0,
            0,
            0,
            0,
            0,
            0,
            0,
            0,
            0,
            0
        ],
        [
            1,
            1,
            1,
            1,
            1,
            1,
            1,
            1,
            1,
            1,
            1,
            1,
            1,
            1,
            1
        ],
        [
            1,
            1,
            1,
            1,
            1,
            1,
            1,
            1,
            1,
            1,
            1,
            1,
            1,
            1,
            1
        ],
        [
            0,
            0,
            0,
            0,
            0,
            0,
            0,
            0,
            0,
            0,
            0,
            0,
            0,
            0,
            0
        ],
        [
            1,
            1,
            1,
            1,
            1,
            1,
            1,
            1,
            1,
            1,
            1,
            1,
            1,
            1,
            1
        ],
        [
            1,
            1,
            1,
            1,
            1,
            1,
            1,
            1,
            1,
            1,
            1,
            1,
            1,
            1,
            1
        ],
        [
            1,
            1,
            1,
            1,
            1,
            1,
            1,
            1,
            1,
            1,
            1,
            1,
            1,
            1,
            1
        ]
    ],
    "lJ": [
        [
            0.0,
            0.0,
            0.02838750788023872,
            0.05538005056748586,
            1284.6756540921851,
            5834.518689767499,
            13476.77431881238,
            25738.166591910973,
            34936.53438995678,
            34936.5167672589,
            37336.0,
            37336.0,
            37336.0,
            37336.0,
            0.0
        ],
        [
            0.0,
            0.0,
            0.0,
            0.0,
            4049.7209519100916,
            6811.392799756311,
            15914.357510381296,
            52700.69311439483,
            59550.0,
            59549.99037421392,
            59549.99918336439,
            59550.0,
            59549.98861040154,
            59550.0,
            0.0
        ],
        [
            0.0,
            0.0,
            0.0,
            0.0,
            11273.521094060663,
            41111.536648942434,
            102530.59363012333,
            143215.52305895038,
            198480.80245797083,
            187012.75600479395,
            211220.0,
            211220.0,
            211219.98369312962,
            211219.99940309805,
            0.0
        ],
        [
            0.0,
            0.0,
            0.0,
            0.0,
            0.0,
            0.0,
            0.0,
            0.0,
            0.0,
            0.0,
            0.0,
            0.0,
            0.0,
            0.0,
            0.0
        ],
        [
            0.0,
            0.0,
            0.0,
            0.0,
            596.8748601343199,
            4615.6893152608445,
            12518.79345541201,
            12948.300886517427,
            16597.417299313525,
            20450.34094693572,
            26197.05885817121,
            26197.070090397676,
            29452.613897958483,
            32182.228107317256,
            0.0
        ],
        [
            0.0,
            0.0,
            0.0,
            0.0,
            3582.772104349057,
            11477.012563819257,
            26325.635933329384,
            38999.55824463317,
            51832.07750057388,
            63299.41893879089,
            93100.99029797992,
            93100.99790376183,
            93100.96627801163,
            93101.0,
            0.0
        ],
        [
            0.0,
            0.0,
            0.0,
            0.0,
            0.0,
            0.0,
            0.0,
            0.0,
            0.0,
            0.0,
            0.0,
            0.0,
            0.0,
            0.0,
            0.0
        ],
        [
            0.0,
            0.014220006063484069,
            0.0,
            0.016244093262463764,
            1.5071056149815956,
            2737.7408715859037,
            3327.749240491673,
            25529.681690353096,
            25529.98814493062,
            25529.9952530051,
            25529.999594876368,
            25529.991080253516,
            25530.0,
            25530.0,
            0.0
        ],
        [
            0.0,
            0.0,
            0.0,
            0.0,
            4113.055142850188,
            24092.961688196243,
            41873.99926748815,
            93447.1075388527,
            93448.20841779104,
            93448.9924395445,
            93449.0,
            93449.0,
            93449.0,
            93449.0,
            0.0
        ],
        [
            0.0,
            0.0,
            0.012182291064222821,
            0.009559576401012362,
            8459.65175012943,
            31843.350951334636,
            75577.9798821073,
            110810.25927757131,
            142102.0333561701,
            142102.05458846223,
            143414.99928450078,
            143414.991645395,
            143415.0,
            143415.0,
            0.0
        ]
    ],
    "eI_t0": [
        14556.0,
        42754.0,
        127904.0,
        37009.0,
        23758.0,
        72621.0,
        152416.0,
        93376.0,
        164881.0,
        61095.0
    ],
    "eJ_t0": [
        0.0,
        0.0,
        0.0,
        0.0,
        0.0,
        0.0,
        0.0,
        0.0,
        0.0,
        0.0
    ],
    "cost_t0": {
        "Fixed": 17835000.0,
        "Relief Inventory": 0.0,
        "Evacuee Inventory": 0.0,
        "Penalty": 0.0,
        "Emergency": 0.0,
        "Relief Purchase": 0.0,
        "Relief Transportation": 0.0,
        "Evacuee Transportation": 0.0,
        "Relief Dumping": 0.0
    }
}