{
    "ub": 43869175.026653156,
    "num_cuts": 222726,
    "comp_time": 8168.787063598633,
    "obj": 43869144.88151177,
    "MIP_gap": 0.0,
    "num_nodes": 5539.0,
    "zJ": [
        [
            1,
            1,
            1,
            1,
            1,
            1,
            1,
            1,
            1,
            1,
            1,
            1,
            1,
            1,
            1
        ],
        [
            1,
            1,
            1,
            1,
            1,
            1,
            1,
            1,
            1,
            1,
            1,
            1,
            1,
            1,
            1
        ],
        [
            1,
            1,
            1,
            1,
            1,
            1,
            1,
            1,
            1,
            1,
            1,
            1,
            1,
            1,
            1
        ],
        [
            0,
            0,
            0,
            0,
            0,
            0,
            0,
            0,
            0,
            0,
            0,
            0,
            0,
            0,
            0
        ],
        [
            1,
            1,
            1,
            1,
            1,
            1,
            1,
            1,
            1,
            1,
            1,
            1,
            1,
            1,
            1
        ],
        [
            1,
            1,
            1,
            1,
            1,
            1,
            1,
            1,
            1,
            1,
            1,
            1,
            1,
            1,
            1
        ],
        [
            0,
            0,
            0,
            0,
            0,
            0,
            0,
            0,
            0,
            0,
            0,
            0,
            0,
            0,
            0
        ],
        [
            1,
            1,
            1,
            1,
            1,
            1,
            1,
            1,
            1,
            1,
            1,
            1,
            1,
            1,
            1
        ],
        [
            1,
            1,
            1,
            1,
            1,
            1,
            1,
            1,
            1,
            1,
            1,
            1,
            1,
            1,
            1
        ],
        [
            1,
            1,
            1,
            1,
            1,
            1,
            1,
            1,
            1,
            1,
            1,
            1,
            1,
            1,
            1
        ]
    ],
    "lJ": [
        [
            0.0,
            0.0,
            0.0,
            0.0,
            1119.5518650568906,
            5666.074334397691,
            13981.45452665687,
            21186.90502012958,
            29535.661088113528,
            33941.54840504698,
            37336.0,
            37336.0,
            37336.0,
            37335.871919009085,
            0.0
        ],
        [
            0.0,
            0.0,
            0.0,
            0.0,
            2006.7300377115646,
            3985.5940244055473,
            17590.846119085196,
            47444.430408988235,
            59549.17652628303,
            59547.90819954372,
            59549.9457883868,
            59549.749353049025,
            59549.56126852169,
            59550.0,
            0.0
        ],
        [
            0.0,
            0.0,
            0.0,
            0.0,
            10462.242991754567,
            41717.331691129984,
            83862.260569875,
            119284.5052439359,
            171794.06739012167,
            174252.77998171648,
            211220.0,
            211220.0,
            211219.5673852677,
            211220.0,
            0.0
        ],
        [
            0.0,
            0.0,
            0.0,
            0.0,
            0.0,
            0.0,
            0.0,
            0.0,
            0.0,
            0.0,
            0.0,
            0.0,
            0.0,
            0.0,
            0.0
        ],
        [
            0.0,
            0.0,
            0.0,
            0.0,
            0.0,
            1380.5821090830914,
            4453.553223461166,
            9607.846347407934,
            12401.512313186919,
            15059.59064179087,
            12038.816865081222,
            11250.36415785332,
            13499.592318639017,
            11366.022347290515,
            0.0
        ],
        [
            0.0,
            0.0,
            0.0,
            0.0,
            1944.8848425987987,
            8532.429524961159,
            21836.502255007483,
            28906.69722118054,
            41356.619908245724,
            54698.70802544338,
            72582.12812327122,
            73371.0862701088,
            81952.22000101501,
            93100.86375687202,
            0.0
        ],
        [
            0.0,
            0.0,
            0.0,
            0.0,
            0.0,
            0.0,
            0.0,
            0.0,
            0.0,
            0.0,
            0.0,
            0.0,
            0.0,
            0.0,
            0.0
        ],
        [
            0.0,
            0.0,
            0.0,
            0.2232520632350422,
            10.19335390057168,
            2738.309529398404,
            3339.621806833007,
            25524.78564180861,
            25529.430133568887,
            25529.924406816597,
            25530.0,
            25530.0,
            25529.792492754597,
            25530.0,
            0.0
        ],
        [
            0.0,
            0.0,
            0.0,
            0.0,
            4589.911674263966,
            23261.61268715363,
            54706.1726995089,
            91828.54439343594,
            93448.93796825375,
            93449.0,
            93449.0,
            93448.99685391397,
            93448.5137909953,
            93448.92926312081,
            0.0
        ],
        [
            0.0,
            0.030521045758016833,
            0.17898982717373838,
            0.11234695466636974,
            8453.510398011475,
            32525.376605873134,
            75553.65369369938,
            103400.52747002926,
            142103.8813335642,
            142099.11401464778,
            143414.95825152748,
            143415.0,
            143414.7835837166,
            143415.0,
            0.0
        ]
    ],
    "eI_t0": [
        14556.0,
        42754.0,
        127904.0,
        37009.0,
        23758.0,
        72621.0,
        152416.0,
        93376.0,
        164881.0,
        61095.0
    ],
    "eJ_t0": [
        0.0,
        0.0,
        0.0,
        0.0,
        0.0,
        0.0,
        0.0,
        0.0,
        0.0,
        0.0
    ],
    "cost_t0": {
        "Fixed": 8917500.0,
        "Relief Inventory": 0.0,
        "Evacuee Inventory": 0.0,
        "Penalty": 0.0,
        "Emergency": 0.0,
        "Relief Purchase": 0.0,
        "Relief Transportation": 0.0,
        "Evacuee Transportation": 0.0,
        "Relief Dumping": 0.0
    }
}