{
    "ub": 30866845.965455934,
    "num_cuts": 231497,
    "comp_time": 7957.735404968262,
    "obj": 30866828.886398137,
    "MIP_gap": 0.0,
    "num_nodes": 6524.0,
    "zJ": [
        [
            1,
            1,
            1,
            1,
            1,
            1,
            1,
            1,
            1,
            1,
            1,
            1,
            1,
            1,
            1
        ],
        [
            1,
            1,
            1,
            1,
            1,
            1,
            1,
            1,
            1,
            1,
            1,
            1,
            1,
            1,
            1
        ],
        [
            1,
            1,
            1,
            1,
            1,
            1,
            1,
            1,
            1,
            1,
            1,
            1,
            1,
            1,
            1
        ],
        [
            0,
            0,
            0,
            0,
            0,
            0,
            0,
            0,
            0,
            0,
            0,
            0,
            0,
            0,
            0
        ],
        [
            1,
            1,
            1,
            1,
            1,
            1,
            1,
            1,
            1,
            1,
            1,
            1,
            1,
            1,
            1
        ],
        [
            1,
            1,
            1,
            1,
            1,
            1,
            1,
            1,
            1,
            1,
            1,
            1,
            1,
            1,
            1
        ],
        [
            1,
            1,
            1,
            1,
            1,
            1,
            1,
            1,
            1,
            1,
            1,
            1,
            1,
            1,
            1
        ],
        [
            0,
            0,
            0,
            0,
            0,
            0,
            0,
            0,
            0,
            0,
            0,
            0,
            0,
            0,
            0
        ],
        [
            1,
            1,
            1,
            1,
            1,
            1,
            1,
            1,
            1,
            1,
            1,
            1,
            1,
            1,
            1
        ],
        [
            1,
            1,
            1,
            1,
            1,
            1,
            1,
            1,
            1,
            1,
            1,
            1,
            1,
            1,
            1
        ]
    ],
    "lJ": [
        [
            0.0,
            0.08906606325601807,
            0.0,
            0.0638981051501906,
            1597.718502922249,
            6218.378130777806,
            14474.844415984871,
            29005.82318933321,
            37335.821634649714,
            37335.99999999984,
            37336.0,
            37335.56850092109,
            37335.63869145313,
            37335.84976421782,
            0.0
        ],
        [
            0.0,
            0.0,
            0.0,
            0.0,
            702.801182399815,
            6812.807318826909,
            13585.131889464195,
            54840.71618407699,
            59548.12583927755,
            59549.9147991896,
            59550.0,
            59549.574211942236,
            59550.0,
            59550.0,
            0.0
        ],
        [
            0.0,
            0.0,
            0.0,
            0.0,
            10388.494964584052,
            40252.70343683858,
            97872.94560582294,
            143313.53063374327,
            202580.66688454736,
            190433.74723577243,
            211219.9841553914,
            211220.0,
            211219.03372076104,
            211220.0,
            0.0
        ],
        [
            0.0,
            0.0,
            0.0,
            0.0,
            0.0,
            0.0,
            0.0,
            0.0,
            0.0,
            0.0,
            0.0,
            0.0,
            0.0,
            0.0,
            0.0
        ],
        [
            0.0,
            0.0,
            0.0,
            0.0,
            2014.4018797743183,
            4344.478742309176,
            10012.305633667112,
            10978.3626154866,
            15008.303180507799,
            21262.256019530563,
            28738.325405369105,
            22197.22022378498,
            27826.67884466455,
            22504.026418983754,
            0.0
        ],
        [
            0.0,
            0.0,
            0.0,
            0.0,
            5244.602422183066,
            11271.411409588474,
            26097.3085183717,
            60812.720732225825,
            60813.359454547004,
            63075.25144087049,
            81722.9643802593,
            86162.19980667038,
            86167.5540867096,
            86167.96064847209,
            0.0
        ],
        [
            0.0,
            0.0,
            0.13168180073949098,
            0.29989557012920665,
            1.0846187950419381,
            7919.58297529968,
            23616.680800930342,
            63554.0150540239,
            82210.62094250164,
            82210.62108813848,
            82210.7817809016,
            82210.10798436454,
            78574.4377139886,
            82211.0,
            0.0
        ],
        [
            0.0,
            0.0,
            0.0,
            0.0,
            0.0,
            0.0,
            0.0,
            0.0,
            0.0,
            0.0,
            0.0,
            0.0,
            0.0,
            0.0,
            0.0
        ],
        [
            0.0,
            0.0,
            0.026208909547292426,
            0.0,
            5554.417448330435,
            26233.03121024206,
            44203.41968835845,
            93448.5919724605,
            93449.0,
            93447.11617310824,
            93448.98607409623,
            93449.0,
            93449.0,
            93449.0,
            0.0
        ],
        [
            0.0,
            0.0,
            0.0,
            0.0,
            12689.451640646634,
            36586.44297639817,
            61681.738220104126,
            81422.84124634045,
            94063.90568098328,
            97695.15582316558,
            115206.22525231267,
            128229.82785750601,
            121062.02768225438,
            134006.7035483655,
            0.0
        ]
    ],
    "eI_t0": [
        14556.0,
        42754.0,
        127904.0,
        37009.0,
        23758.0,
        72621.0,
        152416.0,
        93376.0,
        164881.0,
        61095.0
    ],
    "eJ_t0": [
        0.0,
        0.0,
        0.0,
        0.0,
        0.0,
        0.0,
        0.0,
        0.0,
        0.0,
        0.0
    ],
    "cost_t0": {
        "Fixed": 9626012.5,
        "Relief Inventory": 0.0,
        "Evacuee Inventory": 0.0,
        "Penalty": 0.0,
        "Emergency": 0.0,
        "Relief Purchase": 0.0,
        "Relief Transportation": 0.0,
        "Evacuee Transportation": 0.0,
        "Relief Dumping": 0.0
    }
}