{
    "ub": 30053142.782564867,
    "num_cuts": 153541,
    "comp_time": 4002.4793672561646,
    "obj": 30053137.692643743,
    "MIP_gap": 7.173208595581865e-05,
    "num_nodes": 4605.0,
    "zJ": [
        [
            1,
            1,
            1,
            1,
            1,
            1,
            1,
            1,
            1,
            1,
            1,
            1,
            1,
            1,
            1
        ],
        [
            0,
            0,
            0,
            0,
            0,
            0,
            0,
            0,
            0,
            0,
            0,
            0,
            0,
            0,
            0
        ],
        [
            1,
            1,
            1,
            1,
            1,
            1,
            1,
            1,
            1,
            1,
            1,
            1,
            1,
            1,
            1
        ],
        [
            0,
            0,
            0,
            0,
            0,
            0,
            0,
            0,
            0,
            0,
            0,
            0,
            0,
            0,
            0
        ],
        [
            1,
            1,
            1,
            1,
            1,
            1,
            1,
            1,
            1,
            1,
            1,
            1,
            1,
            1,
            1
        ],
        [
            1,
            1,
            1,
            1,
            1,
            1,
            1,
            1,
            1,
            1,
            1,
            1,
            1,
            1,
            1
        ],
        [
            1,
            1,
            1,
            1,
            1,
            1,
            1,
            1,
            1,
            1,
            1,
            1,
            1,
            1,
            1
        ],
        [
            1,
            1,
            1,
            1,
            1,
            1,
            1,
            1,
            1,
            1,
            1,
            1,
            1,
            1,
            1
        ],
        [
            1,
            1,
            1,
            1,
            1,
            1,
            1,
            1,
            1,
            1,
            1,
            1,
            1,
            1,
            1
        ],
        [
            1,
            1,
            1,
            1,
            1,
            1,
            1,
            1,
            1,
            1,
            1,
            1,
            1,
            1,
            1
        ]
    ],
    "lJ": [
        [
            0.0,
            0.04088785423791705,
            0.0,
            0.24255085486502523,
            1329.7797640496829,
            7542.555725608654,
            23054.904824920217,
            37161.03945140577,
            37335.88995086764,
            37335.92751241137,
            37336.0,
            37336.0,
            37336.0,
            37336.0,
            0.0
        ],
        [
            0.0,
            0.0,
            0.0,
            0.0,
            0.0,
            0.0,
            0.0,
            0.0,
            0.0,
            0.0,
            0.0,
            0.0,
            0.0,
            0.0,
            0.0
        ],
        [
            0.0,
            0.0,
            0.0,
            0.0,
            9336.86506690523,
            43099.033715648184,
            122179.63374840392,
            211220.0,
            211219.91784388508,
            211219.0281085651,
            211219.6112721163,
            211219.80246000737,
            211219.77020890452,
            211220.0,
            0.0
        ],
        [
            0.0,
            0.0,
            0.0,
            0.0,
            0.0,
            0.0,
            0.0,
            0.0,
            0.0,
            0.0,
            0.0,
            0.0,
            0.0,
            0.0,
            0.0
        ],
        [
            0.0,
            0.0,
            0.0,
            0.0,
            632.7709161730343,
            6365.410251235709,
            8308.383267881463,
            16039.526896467863,
            16076.768608154374,
            18021.335451767238,
            15540.16257620893,
            18843.12006726473,
            17385.97457552382,
            14688.184158461074,
            0.0
        ],
        [
            0.0,
            0.0,
            0.0,
            0.0,
            1968.538873019577,
            9944.472773571424,
            31730.54528608309,
            58826.68406032386,
            58827.3574929124,
            59520.218780926276,
            61511.47749945105,
            78326.48840442911,
            65105.276708900245,
            59092.91445953309,
            0.0
        ],
        [
            0.0,
            0.0,
            0.0,
            0.0,
            1274.6912854899788,
            19871.193626669425,
            82210.16469240446,
            82210.44786556138,
            82210.69995727151,
            82210.88530957568,
            82211.0,
            82210.99395529613,
            75726.59651988572,
            82211.0,
            0.0
        ],
        [
            0.0,
            0.014591762855525915,
            0.1376394999306186,
            0.3930392642914108,
            1714.0051450784504,
            8598.629866347395,
            25530.0,
            25529.99806211698,
            25530.0,
            25529.99231178458,
            25530.0,
            25530.0,
            25529.869457430657,
            25529.99734801233,
            0.0
        ],
        [
            0.0,
            0.0,
            0.0,
            0.0,
            6411.840843505473,
            41666.9238002119,
            93448.9947929926,
            93449.0,
            93448.89795055517,
            93449.0,
            93449.0,
            93449.0,
            93448.99728270534,
            93448.99734335842,
            0.0
        ],
        [
            0.0,
            0.0,
            0.0,
            0.0,
            8374.233834866047,
            35728.84354931792,
            85656.1598768791,
            111859.13770747767,
            111859.34265239969,
            142374.2398194994,
            143415.0,
            143414.8847062556,
            140881.62489067033,
            143415.0,
            0.0
        ]
    ],
    "eI_t0": [
        14556.0,
        42754.0,
        127904.0,
        37009.0,
        23758.0,
        72621.0,
        152416.0,
        93376.0,
        164881.0,
        61095.0
    ],
    "eJ_t0": [
        0.0,
        0.0,
        0.0,
        0.0,
        0.0,
        0.0,
        0.0,
        0.0,
        0.0,
        0.0
    ],
    "cost_t0": {
        "Fixed": 9200762.5,
        "Relief Inventory": 0.0,
        "Evacuee Inventory": 0.0,
        "Penalty": 0.0,
        "Emergency": 0.0,
        "Relief Purchase": 0.0,
        "Relief Transportation": 0.0,
        "Evacuee Transportation": 0.0,
        "Relief Dumping": 0.0
    }
}