{
    "ub": 103162097.81755456,
    "num_cuts": 183460,
    "comp_time": 5340.936367750168,
    "obj": 103162089.67926395,
    "MIP_gap": 4.333324743665848e-16,
    "num_nodes": 4456.0,
    "zJ": [
        [
            1,
            1,
            1,
            1,
            1,
            1,
            1,
            1,
            1,
            1,
            1,
            1,
            1,
            1,
            1
        ],
        [
            1,
            1,
            1,
            1,
            1,
            1,
            1,
            1,
            1,
            1,
            1,
            1,
            1,
            1,
            1
        ],
        [
            1,
            1,
            1,
            1,
            1,
            1,
            1,
            1,
            1,
            1,
            1,
            1,
            1,
            1,
            1
        ],
        [
            0,
            0,
            0,
            0,
            0,
            0,
            0,
            0,
            0,
            0,
            0,
            0,
            0,
            0,
            0
        ],
        [
            1,
            1,
            1,
            1,
            1,
            1,
            1,
            1,
            1,
            1,
            1,
            1,
            1,
            1,
            1
        ],
        [
            0,
            0,
            0,
            0,
            0,
            0,
            0,
            0,
            0,
            0,
            0,
            0,
            0,
            0,
            0
        ],
        [
            1,
            1,
            1,
            1,
            1,
            1,
            1,
            1,
            1,
            1,
            1,
            1,
            1,
            1,
            1
        ],
        [
            1,
            1,
            1,
            1,
            1,
            1,
            1,
            1,
            1,
            1,
            1,
            1,
            1,
            1,
            1
        ],
        [
            1,
            1,
            1,
            1,
            1,
            1,
            1,
            1,
            1,
            1,
            1,
            1,
            1,
            1,
            1
        ],
        [
            0,
            0,
            0,
            0,
            0,
            0,
            0,
            0,
            0,
            0,
            0,
            0,
            0,
            0,
            0
        ]
    ],
    "lJ": [
        [
            0.0,
            0.0,
            6.793751013436659e-05,
            4.313524098986218e-05,
            1599.6118119364935,
            7032.35693962694,
            18550.21770143811,
            37336.0,
            37336.0,
            37336.0,
            37336.0,
            37336.0,
            37336.0,
            37336.0,
            0.0
        ],
        [
            0.0,
            0.0,
            0.0,
            0.0,
            4314.822892386043,
            8130.019382832482,
            17098.580905828527,
            59549.99997562331,
            59550.0,
            59550.0,
            59550.0,
            59550.0,
            59550.0,
            59550.0,
            0.0
        ],
        [
            0.0,
            0.0,
            0.0,
            0.0,
            17561.045582504423,
            56716.170395304594,
            135836.77949324268,
            211219.99995588232,
            211219.99999741386,
            211220.0,
            211219.99999886611,
            211220.0,
            211219.9683446026,
            211220.0,
            0.0
        ],
        [
            0.0,
            0.0,
            0.0,
            0.0,
            0.0,
            0.0,
            0.0,
            0.0,
            0.0,
            0.0,
            0.0,
            0.0,
            0.0,
            0.0,
            0.0
        ],
        [
            0.0,
            0.0,
            0.0,
            0.0,
            2897.677823702323,
            9909.035273477964,
            22042.204215106347,
            37515.62877870161,
            49799.0,
            49799.0,
            49799.0,
            49798.99999799968,
            49799.0,
            49799.0,
            0.0
        ],
        [
            0.0,
            0.0,
            0.0,
            0.0,
            0.0,
            0.0,
            0.0,
            0.0,
            0.0,
            0.0,
            0.0,
            0.0,
            0.0,
            0.0,
            0.0
        ],
        [
            0.0,
            4.782263610356712e-06,
            7.131106145794438e-06,
            2.0941312351859128e-05,
            0.0010926025953965322,
            461.3294208733258,
            39637.40461898876,
            82210.9999841807,
            82211.0,
            82211.0,
            82211.0,
            82211.0,
            82211.0,
            82211.0,
            0.0
        ],
        [
            0.0,
            0.0,
            0.0,
            0.0,
            6224.256972182266,
            25529.999784258976,
            25529.99986740563,
            25529.999974919407,
            25530.0,
            25530.0,
            25530.0,
            25530.0,
            25530.0,
            25530.0,
            0.0
        ],
        [
            0.0,
            0.0,
            0.0,
            0.0,
            5596.274911059044,
            25397.173002685315,
            40689.959205950225,
            93449.0,
            93448.99998698298,
            93449.0,
            93449.0,
            93449.0,
            93449.0,
            93449.0,
            0.0
        ],
        [
            0.0,
            0.0,
            0.0,
            0.0,
            0.0,
            0.0,
            0.0,
            0.0,
            0.0,
            0.0,
            0.0,
            0.0,
            0.0,
            0.0,
            0.0
        ]
    ],
    "eI_t0": [
        14556.0,
        42754.0,
        127904.0,
        37009.0,
        23758.0,
        72621.0,
        152416.0,
        93376.0,
        164881.0,
        61095.0
    ],
    "eJ_t0": [
        0.0,
        0.0,
        0.0,
        0.0,
        0.0,
        0.0,
        0.0,
        0.0,
        0.0,
        0.0
    ],
    "cost_t0": {
        "Fixed": 69886875.0,
        "Relief Inventory": 0.0,
        "Evacuee Inventory": 0.0,
        "Penalty": 0.0,
        "Emergency": 0.0,
        "Relief Purchase": 0.0,
        "Relief Transportation": 0.0,
        "Evacuee Transportation": 0.0,
        "Relief Dumping": 0.0
    }
}