{
    "ub": 1352875.9846736486,
    "num_cuts": 217064,
    "comp_time": 5732.7656672000885,
    "obj": 1352873.4176611507,
    "MIP_gap": 0.0,
    "num_nodes": 4581.0,
    "zJ": [
        [
            0,
            0,
            0,
            0,
            0,
            0,
            0,
            0,
            0,
            0,
            0
        ],
        [
            0,
            0,
            0,
            0,
            0,
            0,
            0,
            0,
            0,
            0,
            0
        ],
        [
            1,
            1,
            1,
            1,
            1,
            1,
            1,
            1,
            1,
            1,
            1
        ],
        [
            1,
            1,
            1,
            1,
            1,
            1,
            1,
            1,
            1,
            1,
            1
        ],
        [
            1,
            1,
            1,
            1,
            1,
            1,
            1,
            1,
            1,
            1,
            1
        ],
        [
            0,
            0,
            0,
            0,
            0,
            0,
            0,
            0,
            0,
            0,
            0
        ],
        [
            1,
            1,
            1,
            1,
            1,
            1,
            1,
            1,
            1,
            1,
            1
        ],
        [
            1,
            1,
            1,
            1,
            1,
            1,
            1,
            1,
            1,
            1,
            1
        ],
        [
            1,
            1,
            1,
            1,
            1,
            1,
            1,
            1,
            1,
            1,
            1
        ],
        [
            0,
            0,
            0,
            0,
            0,
            0,
            0,
            0,
            0,
            0,
            0
        ]
    ],
    "lJ": [
        [
            0.0,
            0.0,
            0.0,
            0.0,
            0.0,
            0.0,
            0.0,
            0.0,
            0.0,
            0.0,
            0.0
        ],
        [
            0.0,
            0.0,
            0.0,
            0.0,
            0.0,
            0.0,
            0.0,
            0.0,
            0.0,
            0.0,
            0.0
        ],
        [
            0.0,
            0.0,
            0.0,
            0.0,
            0.025393772023397897,
            446.8201305068182,
            2499.619768625798,
            5585.8718749786885,
            5953.791281111054,
            5955.8481411442035,
            0.0
        ],
        [
            0.0,
            0.32708716509330743,
            0.06408957697450932,
            0.0,
            0.38123510312877196,
            2.50243809174831,
            3.8243140448744324,
            4.0112045393549876,
            1425.4409657228086,
            4.015224449349424,
            0.0
        ],
        [
            0.0,
            0.055743563456820425,
            0.29972863563495067,
            0.0,
            0.0,
            0.262143578082808,
            0.03388670331008147,
            0.07936640037633864,
            0.0,
            0.008100338320947162,
            0.0
        ],
        [
            0.0,
            0.0,
            0.0,
            0.0,
            0.0,
            0.0,
            0.0,
            0.0,
            0.0,
            0.0,
            0.0
        ],
        [
            0.0,
            0.0,
            0.0,
            0.0,
            862.5814045117112,
            3535.490671149794,
            5600.373674888276,
            5605.022241141004,
            5607.0,
            5606.862242381192,
            0.0
        ],
        [
            0.0,
            0.0,
            0.0,
            0.0,
            2055.3069956873887,
            5920.363961258694,
            12323.559703038427,
            20249.88697476947,
            26710.71486478828,
            30134.694540352382,
            0.0
        ],
        [
            0.0,
            0.0,
            0.0,
            0.3664942543223935,
            0.7738415113553775,
            571.9606649550988,
            2597.482819478175,
            6817.610990225431,
            7420.871601131539,
            7421.478587634223,
            0.0
        ],
        [
            0.0,
            0.0,
            0.0,
            0.0,
            0.0,
            0.0,
            0.0,
            0.0,
            0.0,
            0.0,
            0.0
        ]
    ],
    "eI_t0": [
        4984.0,
        4179.0,
        30823.0,
        14914.0,
        1466.0,
        2090.0,
        7024.0,
        4439.0,
        2907.0,
        6191.0
    ],
    "eJ_t0": [
        0.0,
        0.0,
        0.0,
        0.0,
        0.0,
        0.0,
        0.0,
        0.0,
        0.0,
        0.0
    ],
    "cost_t0": {
        "Fixed": 163758.0,
        "Relief Inventory": 0.0,
        "Evacuee Inventory": 0.0,
        "Penalty": 0.0,
        "Emergency": 0.0,
        "Relief Purchase": 0.0,
        "Relief Transportation": 0.0,
        "Evacuee Transportation": 0.0,
        "Relief Dumping": 0.0
    }
}