{
    "ub": 1318857.2218991579,
    "num_cuts": 254304,
    "comp_time": 6991.043258190155,
    "obj": 1318854.7237815554,
    "MIP_gap": 9.212958054689989e-05,
    "num_nodes": 5614.0,
    "zJ": [
        [
            0,
            0,
            0,
            0,
            0,
            0,
            0,
            0,
            0,
            0,
            0
        ],
        [
            1,
            1,
            1,
            1,
            1,
            1,
            1,
            1,
            1,
            1,
            1
        ],
        [
            1,
            1,
            1,
            1,
            1,
            1,
            1,
            1,
            1,
            1,
            1
        ],
        [
            0,
            0,
            0,
            0,
            0,
            0,
            0,
            0,
            0,
            0,
            0
        ],
        [
            1,
            1,
            1,
            1,
            1,
            1,
            1,
            1,
            1,
            1,
            1
        ],
        [
            0,
            0,
            0,
            0,
            0,
            0,
            0,
            0,
            0,
            0,
            0
        ],
        [
            1,
            1,
            1,
            1,
            1,
            1,
            1,
            1,
            1,
            1,
            1
        ],
        [
            1,
            1,
            1,
            1,
            1,
            1,
            1,
            1,
            1,
            1,
            1
        ],
        [
            1,
            1,
            1,
            1,
            1,
            1,
            1,
            1,
            1,
            1,
            1
        ],
        [
            0,
            0,
            0,
            0,
            0,
            0,
            0,
            0,
            0,
            0,
            0
        ]
    ],
    "lJ": [
        [
            0.0,
            0.0,
            0.0,
            0.0,
            0.0,
            0.0,
            0.0,
            0.0,
            0.0,
            0.0,
            0.0
        ],
        [
            0.0,
            0.0,
            0.0,
            0.017560253346043258,
            493.6346676482633,
            1647.797872948125,
            5198.618379073569,
            7388.844769013886,
            8636.332070916484,
            9426.748805547833,
            0.0
        ],
        [
            0.0,
            0.0,
            0.17483635531503383,
            0.15188167003222997,
            267.3721185044772,
            979.7911346717829,
            2150.8777640018675,
            4103.855965668036,
            5950.974487722467,
            5955.727704054345,
            0.0
        ],
        [
            0.0,
            0.0,
            0.0,
            0.0,
            0.0,
            0.0,
            0.0,
            0.0,
            0.0,
            0.0,
            0.0
        ],
        [
            0.0,
            0.16275859846722912,
            0.0,
            0.0,
            0.0,
            0.20743097919950887,
            3.772839797599084,
            42.02092447649748,
            2539.6103957041137,
            0.0,
            0.0
        ],
        [
            0.0,
            0.0,
            0.0,
            0.0,
            0.0,
            0.0,
            0.0,
            0.0,
            0.0,
            0.0,
            0.0
        ],
        [
            0.0,
            0.0,
            0.0,
            0.0,
            1450.331227285645,
            3832.813341228471,
            5601.47204971615,
            5603.5799463387175,
            5603.999987628914,
            5606.870317021154,
            0.0
        ],
        [
            0.0,
            0.0,
            0.0,
            0.0,
            1780.5131626642783,
            5089.762425600347,
            10920.443614611448,
            18549.409051102877,
            24261.852429202616,
            28478.05105619295,
            0.0
        ],
        [
            0.0,
            0.0,
            0.0,
            0.0,
            6.569202640621947,
            34.814318623245086,
            692.2514256749226,
            5556.195938279435,
            7421.517710188303,
            7421.68044399126,
            0.0
        ],
        [
            0.0,
            0.0,
            0.0,
            0.0,
            0.0,
            0.0,
            0.0,
            0.0,
            0.0,
            0.0,
            0.0
        ]
    ],
    "eI_t0": [
        4984.0,
        4179.0,
        30823.0,
        14914.0,
        1466.0,
        2090.0,
        7024.0,
        4439.0,
        2907.0,
        6191.0
    ],
    "eJ_t0": [
        0.0,
        0.0,
        0.0,
        0.0,
        0.0,
        0.0,
        0.0,
        0.0,
        0.0,
        0.0
    ],
    "cost_t0": {
        "Fixed": 163980.60000000006,
        "Relief Inventory": 0.0,
        "Evacuee Inventory": 0.0,
        "Penalty": 0.0,
        "Emergency": 0.0,
        "Relief Purchase": 0.0,
        "Relief Transportation": 0.0,
        "Evacuee Transportation": 0.0,
        "Relief Dumping": 0.0
    }
}