{
    "comp_time": 10.020873546600342,
    "num_paths": 59,
    "num_cuts": 5723,
    "ub_avg": 1759954.985096786,
    "ub_sd": 399733.28536007705,
    "ub_quantiles": [
        838007.578001667,
        1464224.6733414917,
        1796920.687421883,
        2099347.433647792,
        2577483.409080458
    ],
    "lb": 1438850.4689952533,
    "lb_change_rate": 1.0,
    "lb_list": [
        288769.0,
        459373.0,
        510875.5,
        520882.0,
        570809.5,
        607091.9260828355,
        634859.2125324022,
        710673.4745427395,
        1066959.4456127672,
        1143321.4412394147,
        1180384.7393240822,
        1199125.0265484934,
        1246689.6418288224,
        1253892.889465687,
        1260325.7305338879,
        1261320.111267102,
        1264041.5068694593,
        1277109.1711585457,
        1287143.8840738016,
        1292596.6949402539,
        1309011.5229303667,
        1310406.3477478642,
        1312034.3452837705,
        1313960.7417801335,
        1314946.1498827396,
        1315278.8901583538,
        1316336.8237089314,
        1325704.0489936238,
        1330085.84793883,
        1331204.6629213986,
        1338653.3897892649,
        1346506.451594098,
        1369767.0124250618,
        1385901.4321608036,
        1397770.6026952867,
        1404246.5193457252,
        1408898.0305361531,
        1409509.2007390806,
        1411600.62883081,
        1412292.180889606,
        1412855.5371784065,
        1415231.2042873693,
        1416379.632067939,
        1418782.1099895933,
        1419300.5150383809,
        1423410.2577264719,
        1424526.7826246023,
        1424637.677536909,
        1425022.6971588386,
        1425337.903930137,
        1429843.0465719523,
        1430361.45162074,
        1432135.5210146382,
        1432814.2225258576,
        1435880.5750555512,
        1437364.1137707485,
        1437393.590993678,
        1437444.380289308,
        1438850.4689952533
    ],
    "zJ": [
        0,
        0,
        1,
        1,
        1,
        0,
        0,
        1,
        0,
        1
    ]
}