{
    "comp_time": 10.076540231704712,
    "num_paths": 58,
    "num_cuts": 5626,
    "ub_avg": 1746831.7774441661,
    "ub_sd": 412687.89810546016,
    "ub_quantiles": [
        825212.7721248128,
        1447758.6768943942,
        1803819.4941024366,
        2083250.581898064,
        3078709.6690382403
    ],
    "lb": 1443617.1291749373,
    "lb_change_rate": 1.0,
    "lb_list": [
        383993.5,
        501740.5,
        544486.0,
        590854.0,
        636266.5,
        658862.5,
        674497.0,
        699926.6500865254,
        760194.0608781156,
        827166.4455909847,
        920788.945600665,
        942097.9082548486,
        995688.4746861886,
        1041517.6449157252,
        1054297.4876892148,
        1079907.5317588178,
        1180208.0411401896,
        1240772.6994861825,
        1244752.9390680068,
        1265633.285959574,
        1269434.7477282663,
        1285449.7024315621,
        1308601.6560027422,
        1311285.1956904964,
        1312665.0441459687,
        1314575.4609157543,
        1366276.9399684318,
        1373604.3997294595,
        1379284.7592750504,
        1380673.5457347217,
        1393832.611589984,
        1395441.357914973,
        1401253.2490730453,
        1401868.2745294333,
        1403161.0374680336,
        1403279.9426267317,
        1403563.9236272648,
        1404742.1838591313,
        1408528.1962301433,
        1409233.3715109848,
        1412695.797709458,
        1413902.3104454093,
        1414263.1168224849,
        1418782.5607081344,
        1421041.8334982614,
        1424383.3253924183,
        1424719.986412088,
        1425915.0915580797,
        1426946.4077271824,
        1427710.6285924162,
        1431563.0075799748,
        1433510.1183589634,
        1434450.9141551564,
        1438896.4583564098,
        1439249.9521697706,
        1440699.1434474324,
        1442795.1100477038,
        1443617.1291749373
    ],
    "zJ": [
        0,
        1,
        1,
        0,
        1,
        0,
        0,
        1,
        1,
        0
    ]
}