{
    "ub": 39479087.06173673,
    "num_cuts": 392578,
    "comp_time": 17364.71973133087,
    "obj": 39479069.053208835,
    "MIP_gap": 0.0,
    "num_nodes": 9192.0,
    "zJ": [
        [
            1,
            1,
            1,
            1,
            1,
            1,
            1,
            1,
            1,
            1,
            1,
            1,
            1,
            1,
            1
        ],
        [
            1,
            1,
            1,
            1,
            1,
            1,
            1,
            1,
            1,
            1,
            1,
            1,
            1,
            1,
            1
        ],
        [
            1,
            1,
            1,
            1,
            1,
            1,
            1,
            1,
            1,
            1,
            1,
            1,
            1,
            1,
            1
        ],
        [
            0,
            0,
            0,
            0,
            0,
            0,
            0,
            0,
            0,
            0,
            0,
            0,
            0,
            0,
            0
        ],
        [
            1,
            1,
            1,
            1,
            1,
            1,
            1,
            1,
            1,
            1,
            1,
            1,
            1,
            1,
            1
        ],
        [
            1,
            1,
            1,
            1,
            1,
            1,
            1,
            1,
            1,
            1,
            1,
            1,
            1,
            1,
            1
        ],
        [
            0,
            0,
            0,
            0,
            0,
            0,
            0,
            0,
            0,
            0,
            0,
            0,
            0,
            0,
            0
        ],
        [
            1,
            1,
            1,
            1,
            1,
            1,
            1,
            1,
            1,
            1,
            1,
            1,
            1,
            1,
            1
        ],
        [
            1,
            1,
            1,
            1,
            1,
            1,
            1,
            1,
            1,
            1,
            1,
            1,
            1,
            1,
            1
        ],
        [
            1,
            1,
            1,
            1,
            1,
            1,
            1,
            1,
            1,
            1,
            1,
            1,
            1,
            1,
            1
        ]
    ],
    "lJ": [
        [
            0.0,
            0.0,
            0.0,
            0.4477445984439997,
            1588.7845864300045,
            6238.989098066601,
            13565.54624119937,
            32287.285520807825,
            37336.0,
            36114.15174557945,
            37335.7592645194,
            37335.99919842181,
            37335.22747603174,
            37336.0,
            0.0
        ],
        [
            0.0,
            0.0,
            0.0,
            0.0,
            4250.5023060337,
            10652.221339442236,
            14569.659523291977,
            55825.05765681052,
            59549.76229716332,
            59550.0,
            59550.0,
            59550.0,
            59549.9518608366,
            59549.97412376973,
            0.0
        ],
        [
            0.0,
            0.0,
            0.0,
            0.0,
            10598.182083464793,
            42930.53132514844,
            101876.08360675309,
            149860.3100728641,
            211219.98095795955,
            193957.7080487757,
            211220.0,
            211220.0,
            211219.9841468155,
            211219.85461016677,
            0.0
        ],
        [
            0.0,
            0.0,
            0.0,
            0.0,
            0.0,
            0.0,
            0.0,
            0.0,
            0.0,
            0.0,
            0.0,
            0.0,
            0.0,
            0.0,
            0.0
        ],
        [
            0.0,
            0.0,
            0.0,
            0.0,
            5260.953867521646,
            7592.706856810286,
            16584.113874084393,
            18786.377236239976,
            22787.329944418998,
            29807.636573635842,
            37594.13479486735,
            38869.89494836875,
            45424.65536934945,
            49798.39283406691,
            0.0
        ],
        [
            0.0,
            0.0,
            0.0,
            0.0,
            3836.689938248327,
            10254.79845565286,
            26558.109602314926,
            58645.09433207945,
            55001.2550611304,
            66464.8523829473,
            93100.9333584641,
            93100.73431524055,
            93101.0,
            93101.0,
            0.0
        ],
        [
            0.0,
            0.0,
            0.0,
            0.0,
            0.0,
            0.0,
            0.0,
            0.0,
            0.0,
            0.0,
            0.0,
            0.0,
            0.0,
            0.0,
            0.0
        ],
        [
            0.0,
            0.0,
            0.038311675865871475,
            0.0920037160413192,
            104.29978653852338,
            2737.5144376058324,
            3328.149786936812,
            25529.961057006658,
            25530.0,
            25530.0,
            25530.0,
            25530.0,
            25530.0,
            25530.0,
            0.0
        ],
        [
            0.0,
            0.0,
            0.0,
            0.0,
            4184.402610182841,
            23373.446268358523,
            41868.32234194005,
            93443.97776246969,
            93448.67806981127,
            93449.0,
            93449.0,
            93448.8836214769,
            93449.0,
            93449.0,
            0.0
        ],
        [
            0.0,
            0.043034398044886145,
            0.1003484398208772,
            0.3204381055319765,
            8371.622736245772,
            32535.377960885202,
            75577.98846375305,
            110806.68309136067,
            142103.82975598882,
            142103.5734471168,
            143414.90163292244,
            143415.0,
            143415.0,
            143415.0,
            0.0
        ]
    ],
    "eI_t0": [
        14556.0,
        42754.0,
        127904.0,
        37009.0,
        23758.0,
        72621.0,
        152416.0,
        93376.0,
        164881.0,
        61095.0
    ],
    "eJ_t0": [
        0.0,
        0.0,
        0.0,
        0.0,
        0.0,
        0.0,
        0.0,
        0.0,
        0.0,
        0.0
    ],
    "cost_t0": {
        "Fixed": 17835000.0,
        "Relief Inventory": 0.0,
        "Evacuee Inventory": 0.0,
        "Penalty": 0.0,
        "Emergency": 0.0,
        "Relief Purchase": 0.0,
        "Relief Transportation": 0.0,
        "Evacuee Transportation": 0.0,
        "Relief Dumping": 0.0
    }
}