{
    "ub": 38586799.1553909,
    "num_cuts": 189373,
    "comp_time": 4775.759966373444,
    "obj": 38586791.95178061,
    "MIP_gap": 0.0,
    "num_nodes": 3974.0,
    "zJ": [
        [
            1,
            1,
            1,
            1,
            1,
            1,
            1,
            1,
            1,
            1,
            1,
            1,
            1,
            1,
            1
        ],
        [
            1,
            1,
            1,
            1,
            1,
            1,
            1,
            1,
            1,
            1,
            1,
            1,
            1,
            1,
            1
        ],
        [
            1,
            1,
            1,
            1,
            1,
            1,
            1,
            1,
            1,
            1,
            1,
            1,
            1,
            1,
            1
        ],
        [
            0,
            0,
            0,
            0,
            0,
            0,
            0,
            0,
            0,
            0,
            0,
            0,
            0,
            0,
            0
        ],
        [
            1,
            1,
            1,
            1,
            1,
            1,
            1,
            1,
            1,
            1,
            1,
            1,
            1,
            1,
            1
        ],
        [
            1,
            1,
            1,
            1,
            1,
            1,
            1,
            1,
            1,
            1,
            1,
            1,
            1,
            1,
            1
        ],
        [
            0,
            0,
            0,
            0,
            0,
            0,
            0,
            0,
            0,
            0,
            0,
            0,
            0,
            0,
            0
        ],
        [
            0,
            0,
            0,
            0,
            0,
            0,
            0,
            0,
            0,
            0,
            0,
            0,
            0,
            0,
            0
        ],
        [
            1,
            1,
            1,
            1,
            1,
            1,
            1,
            1,
            1,
            1,
            1,
            1,
            1,
            1,
            1
        ],
        [
            1,
            1,
            1,
            1,
            1,
            1,
            1,
            1,
            1,
            1,
            1,
            1,
            1,
            1,
            1
        ]
    ],
    "lJ": [
        [
            0.0,
            0.2853804870571659,
            0.31794190901519437,
            2.3220706120798646,
            1316.8171081438325,
            6508.008124365308,
            22024.047421824438,
            37332.984138504646,
            37335.906683926354,
            37336.0,
            37336.0,
            37336.0,
            37335.99801444046,
            37336.0,
            0.0
        ],
        [
            0.0,
            0.0,
            0.0,
            0.33446172793109247,
            3170.010192517405,
            20650.51174703794,
            59544.80631892039,
            59550.0,
            59550.0,
            59550.0,
            59550.0,
            59550.0,
            59550.0,
            59549.98504774483,
            0.0
        ],
        [
            0.0,
            0.0,
            0.0,
            0.0,
            7983.4902492479605,
            44700.896908107105,
            113651.42221928414,
            211219.2673344666,
            211220.0,
            211220.0,
            211219.9970616554,
            211220.0,
            211219.99037239054,
            211220.0,
            0.0
        ],
        [
            0.0,
            0.0,
            0.0,
            0.0,
            0.0,
            0.0,
            0.0,
            0.0,
            0.0,
            0.0,
            0.0,
            0.0,
            0.0,
            0.0,
            0.0
        ],
        [
            0.0,
            0.0,
            0.0,
            0.0,
            600.8610495077049,
            6621.909165413081,
            8352.993871566556,
            16699.453977585832,
            16692.848856285527,
            20806.91167820584,
            23296.93800602171,
            45463.43738355902,
            22300.589822031867,
            16251.75356544537,
            0.0
        ],
        [
            0.0,
            0.0,
            0.0,
            0.0,
            3307.219662577735,
            13737.274178589376,
            35522.72598712488,
            73436.131217266,
            73437.7651827147,
            93100.93671256745,
            91464.5702080194,
            93100.89507968831,
            90562.96568788694,
            93100.97418427576,
            0.0
        ],
        [
            0.0,
            0.0,
            0.0,
            0.0,
            0.0,
            0.0,
            0.0,
            0.0,
            0.0,
            0.0,
            0.0,
            0.0,
            0.0,
            0.0,
            0.0
        ],
        [
            0.0,
            0.0,
            0.0,
            0.0,
            0.0,
            0.0,
            0.0,
            0.0,
            0.0,
            0.0,
            0.0,
            0.0,
            0.0,
            0.0,
            0.0
        ],
        [
            0.0,
            0.0,
            0.0,
            0.0,
            6415.115335439106,
            31074.401770801407,
            93449.0,
            93448.30737460808,
            93448.94422782972,
            93449.0,
            93449.0,
            93448.95297943163,
            93448.9987949004,
            93448.98180787143,
            0.0
        ],
        [
            0.0,
            0.014127655045314604,
            0.04903606050348077,
            0.42703322995300674,
            8267.839136370989,
            49733.503267602166,
            143414.24355889743,
            143414.36823341498,
            143414.93285243493,
            143415.0,
            143414.98256939906,
            143414.97041116224,
            143415.0,
            143415.0,
            0.0
        ]
    ],
    "eI_t0": [
        14556.0,
        42754.0,
        127904.0,
        37009.0,
        23758.0,
        72621.0,
        152416.0,
        93376.0,
        164881.0,
        61095.0
    ],
    "eJ_t0": [
        0.0,
        0.0,
        0.0,
        0.0,
        0.0,
        0.0,
        0.0,
        0.0,
        0.0,
        0.0
    ],
    "cost_t0": {
        "Fixed": 17196750.0,
        "Relief Inventory": 0.0,
        "Evacuee Inventory": 0.0,
        "Penalty": 0.0,
        "Emergency": 0.0,
        "Relief Purchase": 0.0,
        "Relief Transportation": 0.0,
        "Evacuee Transportation": 0.0,
        "Relief Dumping": 0.0
    }
}