{
    "ub": 29878549.19444992,
    "num_cuts": 143899,
    "comp_time": 3665.959188938141,
    "obj": 29878540.652486604,
    "MIP_gap": 2.4936226583421716e-16,
    "num_nodes": 4827.0,
    "zJ": [
        [
            1,
            1,
            1,
            1,
            1,
            1,
            1,
            1,
            1,
            1,
            1,
            1,
            1,
            1,
            1
        ],
        [
            1,
            1,
            1,
            1,
            1,
            1,
            1,
            1,
            1,
            1,
            1,
            1,
            1,
            1,
            1
        ],
        [
            1,
            1,
            1,
            1,
            1,
            1,
            1,
            1,
            1,
            1,
            1,
            1,
            1,
            1,
            1
        ],
        [
            0,
            0,
            0,
            0,
            0,
            0,
            0,
            0,
            0,
            0,
            0,
            0,
            0,
            0,
            0
        ],
        [
            1,
            1,
            1,
            1,
            1,
            1,
            1,
            1,
            1,
            1,
            1,
            1,
            1,
            1,
            1
        ],
        [
            1,
            1,
            1,
            1,
            1,
            1,
            1,
            1,
            1,
            1,
            1,
            1,
            1,
            1,
            1
        ],
        [
            0,
            0,
            0,
            0,
            0,
            0,
            0,
            0,
            0,
            0,
            0,
            0,
            0,
            0,
            0
        ],
        [
            1,
            1,
            1,
            1,
            1,
            1,
            1,
            1,
            1,
            1,
            1,
            1,
            1,
            1,
            1
        ],
        [
            1,
            1,
            1,
            1,
            1,
            1,
            1,
            1,
            1,
            1,
            1,
            1,
            1,
            1,
            1
        ],
        [
            1,
            1,
            1,
            1,
            1,
            1,
            1,
            1,
            1,
            1,
            1,
            1,
            1,
            1,
            1
        ]
    ],
    "lJ": [
        [
            0.0,
            0.02382125649972165,
            0.0,
            0.016930693762009726,
            1316.4492273707401,
            7120.071699913898,
            22632.646126749823,
            35813.40559057136,
            37335.55489111337,
            37335.96824875748,
            37336.0,
            37335.99039154682,
            37336.0,
            37336.0,
            0.0
        ],
        [
            0.0,
            0.0,
            0.0,
            0.0,
            5773.974482808088,
            23642.81130672021,
            59550.0,
            59549.96986823026,
            59548.90142104827,
            59550.0,
            59549.99857766127,
            59550.0,
            59550.0,
            59550.0,
            0.0
        ],
        [
            0.0,
            0.0,
            0.0,
            0.0,
            7634.206201372946,
            39651.21079704369,
            92881.14095254215,
            204716.7202181847,
            204719.1571898948,
            211220.0,
            211219.99762913364,
            211219.9959710983,
            211220.0,
            211220.0,
            0.0
        ],
        [
            0.0,
            0.0,
            0.0,
            0.0,
            0.0,
            0.0,
            0.0,
            0.0,
            0.0,
            0.0,
            0.0,
            0.0,
            0.0,
            0.0,
            0.0
        ],
        [
            0.0,
            0.0,
            0.0,
            0.0,
            600.2189004076142,
            6352.947754496222,
            8572.302487742747,
            15404.251531701266,
            16023.797090518134,
            18390.30751293258,
            16205.88253662676,
            23860.2950015563,
            18294.845114780597,
            15647.20845217421,
            0.0
        ],
        [
            0.0,
            0.0,
            0.0,
            0.0,
            2197.689178053496,
            10174.001786946594,
            31959.658704940437,
            58419.20779693973,
            59009.14507874954,
            79368.71751670506,
            73768.80163500707,
            93101.0,
            78747.88924155176,
            76736.87789346685,
            0.0
        ],
        [
            0.0,
            0.0,
            0.0,
            0.0,
            0.0,
            0.0,
            0.0,
            0.0,
            0.0,
            0.0,
            0.0,
            0.0,
            0.0,
            0.0,
            0.0
        ],
        [
            0.0,
            0.0,
            0.0,
            0.4167999615638462,
            27.81961310937551,
            3096.6275176499303,
            25529.81588013726,
            25529.978214869378,
            25530.0,
            25529.986860087924,
            25529.997394568843,
            25530.0,
            25530.0,
            25529.99838443887,
            0.0
        ],
        [
            0.0,
            0.0,
            0.0,
            0.0,
            6871.719360551737,
            31142.875337416328,
            93448.99841458267,
            93448.97655101086,
            93447.91316113375,
            93449.0,
            93449.0,
            93449.0,
            93449.0,
            93448.9955875601,
            0.0
        ],
        [
            0.0,
            0.0,
            0.017622543549981502,
            0.0,
            6640.3131517328675,
            51360.28096551654,
            143412.74292654058,
            143413.30857756358,
            143412.97051045473,
            143414.99157538754,
            143415.0,
            143415.0,
            143415.0,
            143414.99892998012,
            0.0
        ]
    ],
    "eI_t0": [
        14556.0,
        42754.0,
        127904.0,
        37009.0,
        23758.0,
        72621.0,
        152416.0,
        93376.0,
        164881.0,
        61095.0
    ],
    "eJ_t0": [
        0.0,
        0.0,
        0.0,
        0.0,
        0.0,
        0.0,
        0.0,
        0.0,
        0.0,
        0.0
    ],
    "cost_t0": {
        "Fixed": 8917500.0,
        "Relief Inventory": 0.0,
        "Evacuee Inventory": 0.0,
        "Penalty": 0.0,
        "Emergency": 0.0,
        "Relief Purchase": 0.0,
        "Relief Transportation": 0.0,
        "Evacuee Transportation": 0.0,
        "Relief Dumping": 0.0
    }
}