{
    "ub": 30738262.400426213,
    "num_cuts": 265510,
    "comp_time": 8997.858869075775,
    "obj": 30738245.43270936,
    "MIP_gap": 0.0,
    "num_nodes": 6662.0,
    "zJ": [
        [
            1,
            1,
            1,
            1,
            1,
            1,
            1,
            1,
            1,
            1,
            1,
            1,
            1,
            1,
            1
        ],
        [
            0,
            0,
            0,
            0,
            0,
            0,
            0,
            0,
            0,
            0,
            0,
            0,
            0,
            0,
            0
        ],
        [
            1,
            1,
            1,
            1,
            1,
            1,
            1,
            1,
            1,
            1,
            1,
            1,
            1,
            1,
            1
        ],
        [
            0,
            0,
            0,
            0,
            0,
            0,
            0,
            0,
            0,
            0,
            0,
            0,
            0,
            0,
            0
        ],
        [
            1,
            1,
            1,
            1,
            1,
            1,
            1,
            1,
            1,
            1,
            1,
            1,
            1,
            1,
            1
        ],
        [
            1,
            1,
            1,
            1,
            1,
            1,
            1,
            1,
            1,
            1,
            1,
            1,
            1,
            1,
            1
        ],
        [
            1,
            1,
            1,
            1,
            1,
            1,
            1,
            1,
            1,
            1,
            1,
            1,
            1,
            1,
            1
        ],
        [
            1,
            1,
            1,
            1,
            1,
            1,
            1,
            1,
            1,
            1,
            1,
            1,
            1,
            1,
            1
        ],
        [
            1,
            1,
            1,
            1,
            1,
            1,
            1,
            1,
            1,
            1,
            1,
            1,
            1,
            1,
            1
        ],
        [
            1,
            1,
            1,
            1,
            1,
            1,
            1,
            1,
            1,
            1,
            1,
            1,
            1,
            1,
            1
        ]
    ],
    "lJ": [
        [
            0.0,
            0.0,
            0.061751347976439816,
            0.3608335942137071,
            1599.626006513151,
            7013.202890644347,
            13532.68393300077,
            32253.12177643152,
            37334.56704867081,
            36113.169438591656,
            37336.0,
            37335.93439936593,
            37333.3526481019,
            37335.89831334339,
            0.0
        ],
        [
            0.0,
            0.0,
            0.0,
            0.0,
            0.0,
            0.0,
            0.0,
            0.0,
            0.0,
            0.0,
            0.0,
            0.0,
            0.0,
            0.0,
            0.0
        ],
        [
            0.0,
            0.0,
            0.0,
            0.0,
            12589.662971189351,
            51635.756692921175,
            107240.15977335337,
            167862.9356470775,
            211220.0,
            199796.52447692255,
            211219.82180964056,
            211219.90705948244,
            211219.18901638608,
            211219.94001868472,
            0.0
        ],
        [
            0.0,
            0.0,
            0.0,
            0.0,
            0.0,
            0.0,
            0.0,
            0.0,
            0.0,
            0.0,
            0.0,
            0.0,
            0.0,
            0.0,
            0.0
        ],
        [
            0.0,
            0.0,
            0.0,
            0.0,
            5035.71603097305,
            7358.737240295284,
            14565.979442690228,
            16289.36343802708,
            20300.211777405282,
            24998.34599329615,
            32536.7342221724,
            32380.11714068258,
            37043.96959709431,
            37990.26917606368,
            0.0
        ],
        [
            0.0,
            0.0,
            0.0,
            0.0,
            4863.223457429767,
            11409.258106557729,
            24747.866381914253,
            56826.63892469224,
            55526.04516647734,
            63473.11859882139,
            91887.65331434451,
            93100.69439837363,
            93100.65672961457,
            93101.0,
            0.0
        ],
        [
            0.0,
            0.0,
            0.022043111163381958,
            0.25409606989392275,
            76.43929355257401,
            4821.392519038951,
            23461.582282407046,
            62844.60871901301,
            82210.53583617188,
            82210.87052139213,
            82210.83902336464,
            82211.0,
            82211.0,
            82211.0,
            0.0
        ],
        [
            0.0,
            0.0,
            0.0,
            0.0,
            1276.064628659647,
            3132.2249337900016,
            4508.147381542114,
            25530.0,
            25529.185092563454,
            25530.0,
            25529.892185099037,
            25530.0,
            25530.0,
            25530.0,
            0.0
        ],
        [
            0.0,
            0.0,
            0.0,
            0.0,
            1412.7756319939328,
            15880.474514648356,
            38259.24283625811,
            93447.52128001067,
            93448.96512531136,
            93449.0,
            93448.88427672448,
            93449.0,
            93449.0,
            93449.0,
            0.0
        ],
        [
            0.0,
            0.0,
            0.03902292668695597,
            0.06298124122802846,
            11340.191788586544,
            36850.40202350438,
            65600.7659665482,
            87630.05684538167,
            119443.01142845984,
            119441.55182219938,
            139057.62174581774,
            143415.0,
            143415.0,
            143415.0,
            0.0
        ]
    ],
    "eI_t0": [
        14556.0,
        42754.0,
        127904.0,
        37009.0,
        23758.0,
        72621.0,
        152416.0,
        93376.0,
        164881.0,
        61095.0
    ],
    "eJ_t0": [
        0.0,
        0.0,
        0.0,
        0.0,
        0.0,
        0.0,
        0.0,
        0.0,
        0.0,
        0.0
    ],
    "cost_t0": {
        "Fixed": 9200762.5,
        "Relief Inventory": 0.0,
        "Evacuee Inventory": 0.0,
        "Penalty": 0.0,
        "Emergency": 0.0,
        "Relief Purchase": 0.0,
        "Relief Transportation": 0.0,
        "Evacuee Transportation": 0.0,
        "Relief Dumping": 0.0
    }
}