{
    "ub": 29847228.4278515,
    "num_cuts": 182661,
    "comp_time": 4233.042974948883,
    "obj": 29847222.3230829,
    "MIP_gap": 0.0,
    "num_nodes": 5558.0,
    "zJ": [
        [
            1,
            1,
            1,
            1,
            1,
            1,
            1,
            1,
            1,
            1,
            1,
            1,
            1,
            1,
            1
        ],
        [
            1,
            1,
            1,
            1,
            1,
            1,
            1,
            1,
            1,
            1,
            1,
            1,
            1,
            1,
            1
        ],
        [
            1,
            1,
            1,
            1,
            1,
            1,
            1,
            1,
            1,
            1,
            1,
            1,
            1,
            1,
            1
        ],
        [
            0,
            0,
            0,
            0,
            0,
            0,
            0,
            0,
            0,
            0,
            0,
            0,
            0,
            0,
            0
        ],
        [
            1,
            1,
            1,
            1,
            1,
            1,
            1,
            1,
            1,
            1,
            1,
            1,
            1,
            1,
            1
        ],
        [
            1,
            1,
            1,
            1,
            1,
            1,
            1,
            1,
            1,
            1,
            1,
            1,
            1,
            1,
            1
        ],
        [
            0,
            0,
            0,
            0,
            0,
            0,
            0,
            0,
            0,
            0,
            0,
            0,
            0,
            0,
            0
        ],
        [
            1,
            1,
            1,
            1,
            1,
            1,
            1,
            1,
            1,
            1,
            1,
            1,
            1,
            1,
            1
        ],
        [
            1,
            1,
            1,
            1,
            1,
            1,
            1,
            1,
            1,
            1,
            1,
            1,
            1,
            1,
            1
        ],
        [
            1,
            1,
            1,
            1,
            1,
            1,
            1,
            1,
            1,
            1,
            1,
            1,
            1,
            1,
            1
        ]
    ],
    "lJ": [
        [
            0.0,
            0.0,
            0.004672292709416723,
            0.07235363774755185,
            1316.5219182190583,
            8502.89880160507,
            29390.77187534427,
            37335.95910113687,
            37335.98881022884,
            37336.0,
            37336.0,
            37336.0,
            37336.0,
            37335.99863625267,
            0.0
        ],
        [
            0.0,
            0.0,
            0.0,
            0.0,
            3770.055308137495,
            21204.21429580116,
            59550.0,
            59550.0,
            59549.99925528064,
            59550.0,
            59550.0,
            59550.0,
            59549.99913954876,
            59549.980320739276,
            0.0
        ],
        [
            0.0,
            0.0,
            0.0,
            0.0,
            7447.929732572483,
            43748.44300433715,
            158987.08413588462,
            211219.9944855841,
            211220.0,
            211220.0,
            211220.0,
            211220.0,
            211220.0,
            211219.99931560995,
            0.0
        ],
        [
            0.0,
            0.0,
            0.0,
            0.0,
            0.0,
            0.0,
            0.0,
            0.0,
            0.0,
            0.0,
            0.0,
            0.0,
            0.0,
            0.0,
            0.0
        ],
        [
            0.0,
            0.0,
            0.0,
            0.0,
            7492.936516080253,
            18009.948423498234,
            28775.37381405492,
            46453.4373810742,
            49799.0,
            49799.0,
            49798.99982956643,
            49798.999372012775,
            49798.998828049094,
            49798.96455423693,
            0.0
        ],
        [
            0.0,
            0.0,
            0.0,
            0.0,
            1967.6258214621942,
            11256.664636565763,
            41258.12400409878,
            58821.053122562946,
            76250.55272213557,
            93100.99970153644,
            93101.0,
            93101.0,
            93100.99981568709,
            93101.0,
            0.0
        ],
        [
            0.0,
            0.0,
            0.0,
            0.0,
            0.0,
            0.0,
            0.0,
            0.0,
            0.0,
            0.0,
            0.0,
            0.0,
            0.0,
            0.0,
            0.0
        ],
        [
            0.0,
            0.0,
            0.005490000542254592,
            0.0285853661797947,
            5.137572423187114,
            3113.5523628509773,
            25530.0,
            25530.0,
            25529.98909251136,
            25529.979149783532,
            25530.0,
            25529.99988738611,
            25529.999883932614,
            25530.0,
            0.0
        ],
        [
            0.0,
            0.0,
            0.0,
            0.0,
            6411.9391173721715,
            31117.594082484575,
            93448.95088085115,
            93449.0,
            93449.0,
            93449.0,
            93449.0,
            93449.0,
            93448.99907830742,
            93449.0,
            0.0
        ],
        [
            0.0,
            0.0,
            0.006595809807324801,
            0.00037967658195218486,
            8668.066262930457,
            51338.74683677639,
            143415.0,
            143415.0,
            143414.9880690148,
            143414.9997785382,
            143414.99993304015,
            143415.0,
            143415.0,
            143415.0,
            0.0
        ]
    ],
    "eI_t0": [
        14556.0,
        42754.0,
        127904.0,
        37009.0,
        23758.0,
        72621.0,
        152416.0,
        93376.0,
        164881.0,
        61095.0
    ],
    "eJ_t0": [
        0.0,
        0.0,
        0.0,
        0.0,
        0.0,
        0.0,
        0.0,
        0.0,
        0.0,
        0.0
    ],
    "cost_t0": {
        "Fixed": 8917500.0,
        "Relief Inventory": 0.0,
        "Evacuee Inventory": 0.0,
        "Penalty": 0.0,
        "Emergency": 0.0,
        "Relief Purchase": 0.0,
        "Relief Transportation": 0.0,
        "Evacuee Transportation": 0.0,
        "Relief Dumping": 0.0
    }
}