{
    "ub": 2189992.7749595176,
    "num_cuts": 4117,
    "comp_time": 17.53269934654236,
    "obj": 2189992.73419707,
    "MIP_gap": 0.0,
    "num_nodes": 121.0,
    "zJ": [
        [
            1,
            1,
            1,
            1,
            1,
            1,
            1,
            1,
            1,
            1,
            1,
            1,
            1,
            1,
            1
        ],
        [
            0,
            0,
            0,
            0,
            0,
            0,
            0,
            0,
            0,
            0,
            0,
            0,
            0,
            0,
            0
        ],
        [
            1,
            1,
            1,
            1,
            1,
            1,
            1,
            1,
            1,
            1,
            1,
            1,
            1,
            1,
            1
        ]
    ],
    "lJ": [
        [
            0.0,
            0.0,
            0.0,
            0.0,
            689.8640000005852,
            4933.316015999931,
            12405.570253813576,
            23715.75011994923,
            31070.627798130266,
            32584.605013143424,
            32930.5052550396,
            26390.520330604224,
            22122.205331602272,
            14211.351514612623,
            0.0
        ],
        [
            0.0,
            0.0,
            0.0,
            0.0,
            0.0,
            0.0,
            0.0,
            0.0,
            0.0,
            0.0,
            0.0,
            0.0,
            0.0,
            0.0,
            0.0
        ],
        [
            0.0,
            0.0,
            0.0,
            0.0,
            1386.9059999995145,
            7956.625342296046,
            24410.595180079847,
            38113.0,
            38113.0,
            38112.999999999985,
            38113.0,
            38113.0,
            38113.0,
            26419.17225965137,
            0.0
        ]
    ],
    "eI_t0": [
        13474.0,
        40905.0,
        24638.0
    ],
    "eJ_t0": [
        0.0,
        0.0,
        0.0
    ],
    "cost_t0": {
        "Fixed": 224130.00000000012,
        "Relief Inventory": 0.0,
        "Evacuee Inventory": 0.0,
        "Penalty": 0.0,
        "Emergency": 0.0,
        "Relief Purchase": 0.0,
        "Relief Transportation": 0.0,
        "Evacuee Transportation": 0.0,
        "Relief Dumping": 0.0
    }
}