{
    "ub": 29422713.274823636,
    "num_cuts": 289199,
    "comp_time": 11324.752116203308,
    "obj": 29422704.94515422,
    "MIP_gap": 0.0,
    "num_nodes": 6971.0,
    "zJ": [
        [
            1,
            1,
            1,
            1,
            1,
            1,
            1,
            1,
            1,
            1,
            1,
            1,
            1,
            1,
            1
        ],
        [
            1,
            1,
            1,
            1,
            1,
            1,
            1,
            1,
            1,
            1,
            1,
            1,
            1,
            1,
            1
        ],
        [
            1,
            1,
            1,
            1,
            1,
            1,
            1,
            1,
            1,
            1,
            1,
            1,
            1,
            1,
            1
        ],
        [
            0,
            0,
            0,
            0,
            0,
            0,
            0,
            0,
            0,
            0,
            0,
            0,
            0,
            0,
            0
        ],
        [
            0,
            0,
            0,
            0,
            0,
            0,
            0,
            0,
            0,
            0,
            0,
            0,
            0,
            0,
            0
        ],
        [
            1,
            1,
            1,
            1,
            1,
            1,
            1,
            1,
            1,
            1,
            1,
            1,
            1,
            1,
            1
        ],
        [
            1,
            1,
            1,
            1,
            1,
            1,
            1,
            1,
            1,
            1,
            1,
            1,
            1,
            1,
            1
        ],
        [
            1,
            1,
            1,
            1,
            1,
            1,
            1,
            1,
            1,
            1,
            1,
            1,
            1,
            1,
            1
        ],
        [
            1,
            1,
            1,
            1,
            1,
            1,
            1,
            1,
            1,
            1,
            1,
            1,
            1,
            1,
            1
        ],
        [
            0,
            0,
            0,
            0,
            0,
            0,
            0,
            0,
            0,
            0,
            0,
            0,
            0,
            0,
            0
        ]
    ],
    "lJ": [
        [
            0.0,
            0.005279560894813802,
            0.0,
            0.06572092145431406,
            1066.470337709209,
            5664.459854325312,
            16720.060771201297,
            26174.88284079216,
            37335.766462616346,
            37335.994992251064,
            37335.99737962462,
            37335.997180044935,
            37336.0,
            37335.9996570689,
            0.0
        ],
        [
            0.0,
            0.0,
            0.0,
            0.0,
            2282.793716484816,
            2510.073985265415,
            20887.94987739651,
            55483.42458679585,
            59549.660307223174,
            59550.0,
            59550.0,
            59549.99837518063,
            59550.0,
            59550.0,
            0.0
        ],
        [
            0.0,
            0.0,
            0.0,
            0.0,
            13718.951687641917,
            47800.86472568175,
            100951.66489181138,
            135783.30391856443,
            207088.4660172878,
            211220.0,
            211220.0,
            211220.0,
            211219.99739541288,
            211220.0,
            0.0
        ],
        [
            0.0,
            0.0,
            0.0,
            0.0,
            0.0,
            0.0,
            0.0,
            0.0,
            0.0,
            0.0,
            0.0,
            0.0,
            0.0,
            0.0,
            0.0
        ],
        [
            0.0,
            0.0,
            0.0,
            0.0,
            0.0,
            0.0,
            0.0,
            0.0,
            0.0,
            0.0,
            0.0,
            0.0,
            0.0,
            0.0,
            0.0
        ],
        [
            0.0,
            0.0,
            0.0,
            0.0,
            2829.724580634254,
            14790.966546177167,
            32282.161505503038,
            55966.626214707445,
            78017.37293010105,
            90987.1034584278,
            93101.0,
            93101.0,
            93101.0,
            93101.0,
            0.0
        ],
        [
            0.0,
            0.0,
            0.0,
            0.02026931734601562,
            0.4547918902131138,
            0.6328045078652997,
            21839.641168843333,
            53462.77730779567,
            82210.85493930469,
            82211.0,
            82210.99920301788,
            82210.99983282707,
            82210.99940762589,
            82211.0,
            0.0
        ],
        [
            0.0,
            0.0,
            0.025874065265987567,
            0.04275048926422561,
            0.0973954507462819,
            20690.40910203391,
            25528.53499777653,
            25529.92215275502,
            25530.0,
            25529.999235691528,
            25530.0,
            25529.99380126786,
            25530.0,
            25530.0,
            0.0
        ],
        [
            0.0,
            0.0,
            0.0,
            0.0,
            5556.0831073595855,
            25426.488592152822,
            60516.54817135535,
            93441.91758610414,
            93448.63987545927,
            93449.0,
            93449.0,
            93449.0,
            93449.0,
            93449.0,
            0.0
        ],
        [
            0.0,
            0.0,
            0.0,
            0.0,
            0.0,
            0.0,
            0.0,
            0.0,
            0.0,
            0.0,
            0.0,
            0.0,
            0.0,
            0.0,
            0.0
        ]
    ],
    "eI_t0": [
        14556.0,
        42754.0,
        127904.0,
        37009.0,
        23758.0,
        72621.0,
        152416.0,
        93376.0,
        164881.0,
        61095.0
    ],
    "eJ_t0": [
        0.0,
        0.0,
        0.0,
        0.0,
        0.0,
        0.0,
        0.0,
        0.0,
        0.0,
        0.0
    ],
    "cost_t0": {
        "Fixed": 7529962.5,
        "Relief Inventory": 0.0,
        "Evacuee Inventory": 0.0,
        "Penalty": 0.0,
        "Emergency": 0.0,
        "Relief Purchase": 0.0,
        "Relief Transportation": 0.0,
        "Evacuee Transportation": 0.0,
        "Relief Dumping": 0.0
    }
}