{
    "ub": 2016468.8796300106,
    "num_cuts": 283087,
    "comp_time": 7457.690901517868,
    "obj": 2016466.0310445933,
    "MIP_gap": 0.0,
    "num_nodes": 5109.0,
    "zJ": [
        [
            1,
            1,
            1,
            1,
            1,
            1,
            1,
            1,
            1,
            1,
            1
        ],
        [
            0,
            0,
            0,
            0,
            0,
            0,
            0,
            0,
            0,
            0,
            0
        ],
        [
            1,
            1,
            1,
            1,
            1,
            1,
            1,
            1,
            1,
            1,
            1
        ],
        [
            0,
            0,
            0,
            0,
            0,
            0,
            0,
            0,
            0,
            0,
            0
        ],
        [
            1,
            1,
            1,
            1,
            1,
            1,
            1,
            1,
            1,
            1,
            1
        ],
        [
            0,
            0,
            0,
            0,
            0,
            0,
            0,
            0,
            0,
            0,
            0
        ],
        [
            1,
            1,
            1,
            1,
            1,
            1,
            1,
            1,
            1,
            1,
            1
        ],
        [
            1,
            1,
            1,
            1,
            1,
            1,
            1,
            1,
            1,
            1,
            1
        ],
        [
            1,
            1,
            1,
            1,
            1,
            1,
            1,
            1,
            1,
            1,
            1
        ],
        [
            0,
            0,
            0,
            0,
            0,
            0,
            0,
            0,
            0,
            0,
            0
        ]
    ],
    "lJ": [
        [
            0.0,
            0.0,
            0.0,
            0.0,
            2315.2978934747784,
            4765.656656995878,
            6872.820263546206,
            6879.433719147906,
            6880.872462753379,
            6881.593805415681,
            0.0
        ],
        [
            0.0,
            0.0,
            0.0,
            0.0,
            0.0,
            0.0,
            0.0,
            0.0,
            0.0,
            0.0,
            0.0
        ],
        [
            0.0,
            0.0,
            0.0,
            0.0,
            159.56499092103354,
            746.4650680394158,
            2128.1244730330527,
            5244.050638813862,
            5956.0,
            5955.982964657929,
            0.0
        ],
        [
            0.0,
            0.0,
            0.0,
            0.0,
            0.0,
            0.0,
            0.0,
            0.0,
            0.0,
            0.0,
            0.0
        ],
        [
            0.0,
            0.0,
            0.0,
            0.11549789223072365,
            0.41869358536591483,
            406.18416074616846,
            786.4297894871529,
            3046.342773495524,
            5214.942328089208,
            0.08893136625477095,
            0.0
        ],
        [
            0.0,
            0.0,
            0.0,
            0.0,
            0.0,
            0.0,
            0.0,
            0.0,
            0.0,
            0.0,
            0.0
        ],
        [
            0.0,
            0.0,
            0.0,
            0.0,
            561.2349701512078,
            2134.457374976684,
            4209.1725553735005,
            5606.615071854657,
            5607.0,
            5606.997223868691,
            0.0
        ],
        [
            0.0,
            0.0,
            0.015986495884064575,
            0.0,
            2166.4200938206695,
            6136.570604494733,
            12575.565737992612,
            20680.18117509643,
            27914.173237231524,
            32574.0,
            0.0
        ],
        [
            0.0,
            0.0,
            0.0,
            0.47423329708508283,
            40.08178204609459,
            744.0549593087597,
            2519.898521744938,
            6265.189804992928,
            7416.818843317698,
            7421.277720386229,
            0.0
        ],
        [
            0.0,
            0.0,
            0.0,
            0.0,
            0.0,
            0.0,
            0.0,
            0.0,
            0.0,
            0.0,
            0.0
        ]
    ],
    "eI_t0": [
        4984.0,
        4179.0,
        30823.0,
        14914.0,
        1466.0,
        2090.0,
        7024.0,
        4439.0,
        2907.0,
        6191.0
    ],
    "eJ_t0": [
        0.0,
        0.0,
        0.0,
        0.0,
        0.0,
        0.0,
        0.0,
        0.0,
        0.0,
        0.0
    ],
    "cost_t0": {
        "Fixed": 793527.0,
        "Relief Inventory": 0.0,
        "Evacuee Inventory": 0.0,
        "Penalty": 0.0,
        "Emergency": 0.0,
        "Relief Purchase": 0.0,
        "Relief Transportation": 0.0,
        "Evacuee Transportation": 0.0,
        "Relief Dumping": 0.0
    }
}