{
    "ub": 29422714.531748187,
    "num_cuts": 267639,
    "comp_time": 9847.96448135376,
    "obj": 29422706.298423044,
    "MIP_gap": 0.0,
    "num_nodes": 7783.0,
    "zJ": [
        [
            1,
            1,
            1,
            1,
            1,
            1,
            1,
            1,
            1,
            1,
            1,
            1,
            1,
            1,
            1
        ],
        [
            1,
            1,
            1,
            1,
            1,
            1,
            1,
            1,
            1,
            1,
            1,
            1,
            1,
            1,
            1
        ],
        [
            1,
            1,
            1,
            1,
            1,
            1,
            1,
            1,
            1,
            1,
            1,
            1,
            1,
            1,
            1
        ],
        [
            0,
            0,
            0,
            0,
            0,
            0,
            0,
            0,
            0,
            0,
            0,
            0,
            0,
            0,
            0
        ],
        [
            0,
            0,
            0,
            0,
            0,
            0,
            0,
            0,
            0,
            0,
            0,
            0,
            0,
            0,
            0
        ],
        [
            1,
            1,
            1,
            1,
            1,
            1,
            1,
            1,
            1,
            1,
            1,
            1,
            1,
            1,
            1
        ],
        [
            1,
            1,
            1,
            1,
            1,
            1,
            1,
            1,
            1,
            1,
            1,
            1,
            1,
            1,
            1
        ],
        [
            1,
            1,
            1,
            1,
            1,
            1,
            1,
            1,
            1,
            1,
            1,
            1,
            1,
            1,
            1
        ],
        [
            1,
            1,
            1,
            1,
            1,
            1,
            1,
            1,
            1,
            1,
            1,
            1,
            1,
            1,
            1
        ],
        [
            0,
            0,
            0,
            0,
            0,
            0,
            0,
            0,
            0,
            0,
            0,
            0,
            0,
            0,
            0
        ]
    ],
    "lJ": [
        [
            0.0,
            0.0,
            0.0017413526753392529,
            0.0,
            1066.4093017842324,
            5664.914117619072,
            16722.7902267078,
            26194.85505831362,
            37335.99901953962,
            37336.0,
            37336.0,
            37336.0,
            37335.999890051586,
            37336.0,
            0.0
        ],
        [
            0.0,
            0.0,
            0.0,
            0.0,
            2288.807363168213,
            2510.078954416864,
            20406.316825479713,
            55025.75079403349,
            59550.0,
            59549.99999742266,
            59549.99996344216,
            59549.99996180556,
            59550.0,
            59550.0,
            0.0
        ],
        [
            0.0,
            0.0,
            0.0,
            0.0,
            13741.476667999263,
            47728.041960016846,
            101413.62514660183,
            136220.07237784896,
            207121.83779919357,
            211219.99983065831,
            211220.0,
            211219.99997772885,
            211220.0,
            211220.0,
            0.0
        ],
        [
            0.0,
            0.0,
            0.0,
            0.0,
            0.0,
            0.0,
            0.0,
            0.0,
            0.0,
            0.0,
            0.0,
            0.0,
            0.0,
            0.0,
            0.0
        ],
        [
            0.0,
            0.0,
            0.0,
            0.0,
            0.0,
            0.0,
            0.0,
            0.0,
            0.0,
            0.0,
            0.0,
            0.0,
            0.0,
            0.0,
            0.0
        ],
        [
            0.0,
            0.0,
            0.0,
            0.0,
            2811.3581046522054,
            14750.111831137132,
            32266.62033349414,
            55938.307369077505,
            77991.09602756485,
            90987.0895339068,
            93101.0,
            93100.99991059936,
            93101.0,
            93100.99995534659,
            0.0
        ],
        [
            0.0,
            0.0,
            0.0007854655640787893,
            0.0025300355165660637,
            0.004614504554028777,
            100.04094921673769,
            21821.768883306348,
            53914.80650558,
            82210.99945986697,
            82211.0,
            82210.999905252,
            82211.0,
            82211.0,
            82210.99966570611,
            0.0
        ],
        [
            0.0,
            0.00033953072610493827,
            0.0,
            0.0,
            8.267074126087566e-05,
            20609.07027246562,
            25530.0,
            25530.0,
            25530.0,
            25530.0,
            25530.0,
            25530.0,
            25530.0,
            25530.0,
            0.0
        ],
        [
            0.0,
            0.0,
            0.0,
            0.0,
            5554.405052220961,
            25524.38388180229,
            60598.34236456473,
            93448.99902048585,
            93449.0,
            93448.9998711469,
            93449.0,
            93449.0,
            93449.0,
            93449.0,
            0.0
        ],
        [
            0.0,
            0.0,
            0.0,
            0.0,
            0.0,
            0.0,
            0.0,
            0.0,
            0.0,
            0.0,
            0.0,
            0.0,
            0.0,
            0.0,
            0.0
        ]
    ],
    "eI_t0": [
        14556.0,
        42754.0,
        127904.0,
        37009.0,
        23758.0,
        72621.0,
        152416.0,
        93376.0,
        164881.0,
        61095.0
    ],
    "eJ_t0": [
        0.0,
        0.0,
        0.0,
        0.0,
        0.0,
        0.0,
        0.0,
        0.0,
        0.0,
        0.0
    ],
    "cost_t0": {
        "Fixed": 7529962.5,
        "Relief Inventory": 0.0,
        "Evacuee Inventory": 0.0,
        "Penalty": 0.0,
        "Emergency": 0.0,
        "Relief Purchase": 0.0,
        "Relief Transportation": 0.0,
        "Evacuee Transportation": 0.0,
        "Relief Dumping": 0.0
    }
}