{
    "ub": 28434821.506857526,
    "num_cuts": 190355,
    "comp_time": 5082.043504238129,
    "obj": 28434818.197319254,
    "MIP_gap": 9.175686263838528e-05,
    "num_nodes": 4648.0,
    "zJ": [
        [
            1,
            1,
            1,
            1,
            1,
            1,
            1,
            1,
            1,
            1,
            1,
            1,
            1,
            1,
            1
        ],
        [
            1,
            1,
            1,
            1,
            1,
            1,
            1,
            1,
            1,
            1,
            1,
            1,
            1,
            1,
            1
        ],
        [
            1,
            1,
            1,
            1,
            1,
            1,
            1,
            1,
            1,
            1,
            1,
            1,
            1,
            1,
            1
        ],
        [
            0,
            0,
            0,
            0,
            0,
            0,
            0,
            0,
            0,
            0,
            0,
            0,
            0,
            0,
            0
        ],
        [
            1,
            1,
            1,
            1,
            1,
            1,
            1,
            1,
            1,
            1,
            1,
            1,
            1,
            1,
            1
        ],
        [
            0,
            0,
            0,
            0,
            0,
            0,
            0,
            0,
            0,
            0,
            0,
            0,
            0,
            0,
            0
        ],
        [
            1,
            1,
            1,
            1,
            1,
            1,
            1,
            1,
            1,
            1,
            1,
            1,
            1,
            1,
            1
        ],
        [
            1,
            1,
            1,
            1,
            1,
            1,
            1,
            1,
            1,
            1,
            1,
            1,
            1,
            1,
            1
        ],
        [
            1,
            1,
            1,
            1,
            1,
            1,
            1,
            1,
            1,
            1,
            1,
            1,
            1,
            1,
            1
        ],
        [
            0,
            0,
            0,
            0,
            0,
            0,
            0,
            0,
            0,
            0,
            0,
            0,
            0,
            0,
            0
        ]
    ],
    "lJ": [
        [
            0.0,
            0.010650866333191776,
            0.0,
            0.0007972402934754312,
            1317.1180014752442,
            7538.02783680052,
            23387.329690220893,
            37335.94144486305,
            37335.99744935226,
            37336.0,
            37336.0,
            37336.0,
            37336.0,
            37336.0,
            0.0
        ],
        [
            0.0,
            0.0,
            0.0,
            0.0,
            1129.3301996646985,
            14664.539821748267,
            59549.999572638815,
            59550.0,
            59550.0,
            59549.99825722412,
            59550.0,
            59550.0,
            59549.999956594875,
            59550.0,
            0.0
        ],
        [
            0.0,
            0.0,
            0.0,
            0.0,
            11631.089016049355,
            51068.204985714765,
            128466.03605737763,
            211220.0,
            211219.99375216747,
            211220.0,
            211220.0,
            211219.99981811375,
            211220.0,
            211219.9999395242,
            0.0
        ],
        [
            0.0,
            0.0,
            0.0,
            0.0,
            0.0,
            0.0,
            0.0,
            0.0,
            0.0,
            0.0,
            0.0,
            0.0,
            0.0,
            0.0,
            0.0
        ],
        [
            0.0,
            0.0,
            0.0,
            0.0,
            2431.974580124931,
            10869.483408881037,
            28584.58722822046,
            49799.0,
            49799.0,
            49798.99754764203,
            49798.99994007539,
            49799.0,
            49798.99970854343,
            49799.0,
            0.0
        ],
        [
            0.0,
            0.0,
            0.0,
            0.0,
            0.0,
            0.0,
            0.0,
            0.0,
            0.0,
            0.0,
            0.0,
            0.0,
            0.0,
            0.0,
            0.0
        ],
        [
            0.0,
            0.0058605419992612375,
            0.0,
            0.04686801917431452,
            0.09789913528069442,
            17093.20540189287,
            82210.97791025614,
            82211.0,
            82211.0,
            82211.0,
            82211.0,
            82210.99991207171,
            82211.0,
            82211.0,
            0.0
        ],
        [
            0.0,
            0.0,
            0.04817338221206531,
            0.00048643412580466025,
            6286.839942302023,
            25530.0,
            25529.997951087542,
            25530.0,
            25530.0,
            25529.9988989389,
            25530.0,
            25529.99928558925,
            25530.0,
            25530.0,
            0.0
        ],
        [
            0.0,
            0.0,
            0.0,
            0.0,
            6794.731708907833,
            31945.93335972621,
            93449.0,
            93448.9972716493,
            93449.0,
            93448.99833738987,
            93449.0,
            93448.99994116528,
            93449.0,
            93449.0,
            0.0
        ],
        [
            0.0,
            0.0,
            0.0,
            0.0,
            0.0,
            0.0,
            0.0,
            0.0,
            0.0,
            0.0,
            0.0,
            0.0,
            0.0,
            0.0,
            0.0
        ]
    ],
    "eI_t0": [
        14556.0,
        42754.0,
        127904.0,
        37009.0,
        23758.0,
        72621.0,
        152416.0,
        93376.0,
        164881.0,
        61095.0
    ],
    "eJ_t0": [
        0.0,
        0.0,
        0.0,
        0.0,
        0.0,
        0.0,
        0.0,
        0.0,
        0.0,
        0.0
    ],
    "cost_t0": {
        "Fixed": 6988687.5,
        "Relief Inventory": 0.0,
        "Evacuee Inventory": 0.0,
        "Penalty": 0.0,
        "Emergency": 0.0,
        "Relief Purchase": 0.0,
        "Relief Transportation": 0.0,
        "Evacuee Transportation": 0.0,
        "Relief Dumping": 0.0
    }
}