{
    "ub": 29843055.228327464,
    "num_cuts": 192922,
    "comp_time": 4791.163755893707,
    "obj": 29843043.034198448,
    "MIP_gap": 0.0,
    "num_nodes": 4773.0,
    "zJ": [
        [
            1,
            1,
            1,
            1,
            1,
            1,
            1,
            1,
            1,
            1,
            1,
            1,
            1,
            1,
            1
        ],
        [
            1,
            1,
            1,
            1,
            1,
            1,
            1,
            1,
            1,
            1,
            1,
            1,
            1,
            1,
            1
        ],
        [
            1,
            1,
            1,
            1,
            1,
            1,
            1,
            1,
            1,
            1,
            1,
            1,
            1,
            1,
            1
        ],
        [
            0,
            0,
            0,
            0,
            0,
            0,
            0,
            0,
            0,
            0,
            0,
            0,
            0,
            0,
            0
        ],
        [
            1,
            1,
            1,
            1,
            1,
            1,
            1,
            1,
            1,
            1,
            1,
            1,
            1,
            1,
            1
        ],
        [
            1,
            1,
            1,
            1,
            1,
            1,
            1,
            1,
            1,
            1,
            1,
            1,
            1,
            1,
            1
        ],
        [
            0,
            0,
            0,
            0,
            0,
            0,
            0,
            0,
            0,
            0,
            0,
            0,
            0,
            0,
            0
        ],
        [
            1,
            1,
            1,
            1,
            1,
            1,
            1,
            1,
            1,
            1,
            1,
            1,
            1,
            1,
            1
        ],
        [
            1,
            1,
            1,
            1,
            1,
            1,
            1,
            1,
            1,
            1,
            1,
            1,
            1,
            1,
            1
        ],
        [
            1,
            1,
            1,
            1,
            1,
            1,
            1,
            1,
            1,
            1,
            1,
            1,
            1,
            1,
            1
        ]
    ],
    "lJ": [
        [
            0.0,
            0.0,
            0.11043803137406703,
            2.7713617496891856,
            1316.304748905861,
            8494.764494755522,
            29380.161701121036,
            37335.901600866855,
            37335.97654308484,
            37336.0,
            37336.0,
            37336.0,
            37336.0,
            37336.0,
            0.0
        ],
        [
            0.0,
            0.0,
            0.0,
            0.0,
            4321.076778694622,
            21622.097654906494,
            59549.81784254879,
            59549.172125506026,
            59549.99123817182,
            59549.99644274882,
            59549.8981965841,
            59549.99990409815,
            59549.77837742713,
            59550.0,
            0.0
        ],
        [
            0.0,
            0.0,
            0.004679471294438763,
            0.605438432655871,
            7969.046731587918,
            45914.95909142193,
            161585.0755171293,
            211219.00931202417,
            211219.9521571927,
            211220.0,
            211220.0,
            211220.0,
            211219.92248955366,
            211219.57792581245,
            0.0
        ],
        [
            0.0,
            0.0,
            0.0,
            0.0,
            0.0,
            0.0,
            0.0,
            0.0,
            0.0,
            0.0,
            0.0,
            0.0,
            0.0,
            0.0,
            0.0
        ],
        [
            0.0,
            0.0,
            0.0,
            0.0,
            6206.378875851306,
            14781.739225492012,
            25557.066923546714,
            32346.224892558785,
            35614.15105793597,
            49798.85735355006,
            49799.0,
            49799.0,
            37018.29666501125,
            49506.935351134794,
            0.0
        ],
        [
            0.0,
            0.0,
            0.0,
            0.0,
            2861.4787163392566,
            11895.473502391746,
            41890.085104104524,
            55478.38100953487,
            76250.65851085073,
            93101.0,
            93100.96297214703,
            93101.0,
            93100.99997284317,
            93100.46064140869,
            0.0
        ],
        [
            0.0,
            0.0,
            0.0,
            0.0,
            0.0,
            0.0,
            0.0,
            0.0,
            0.0,
            0.0,
            0.0,
            0.0,
            0.0,
            0.0,
            0.0
        ],
        [
            0.0,
            0.8858084293807508,
            0.769052204538289,
            1.1082276336515093,
            68.29950576155002,
            3113.536410164656,
            25529.738954367396,
            25529.996266437138,
            25529.984560223227,
            25530.0,
            25529.99892716821,
            25530.0,
            25529.707843497294,
            25530.0,
            0.0
        ],
        [
            0.0,
            0.0,
            0.0,
            0.0,
            6287.935438609928,
            31127.376199789604,
            93448.8075618768,
            93448.95152467338,
            93448.99764693003,
            93449.0,
            93448.90193346533,
            93448.99344788311,
            93449.0,
            93449.0,
            0.0
        ],
        [
            0.0,
            0.0,
            0.5388645230511739,
            0.7800069814824488,
            8051.875809878556,
            51342.78463115978,
            143414.16897115074,
            143415.0,
            143414.83760713978,
            143415.0,
            143415.0,
            143415.0,
            143415.0,
            143414.99463029535,
            0.0
        ]
    ],
    "eI_t0": [
        14556.0,
        42754.0,
        127904.0,
        37009.0,
        23758.0,
        72621.0,
        152416.0,
        93376.0,
        164881.0,
        61095.0
    ],
    "eJ_t0": [
        0.0,
        0.0,
        0.0,
        0.0,
        0.0,
        0.0,
        0.0,
        0.0,
        0.0,
        0.0
    ],
    "cost_t0": {
        "Fixed": 8917500.0,
        "Relief Inventory": 0.0,
        "Evacuee Inventory": 0.0,
        "Penalty": 0.0,
        "Emergency": 0.0,
        "Relief Purchase": 0.0,
        "Relief Transportation": 0.0,
        "Evacuee Transportation": 0.0,
        "Relief Dumping": 0.0
    }
}