{
    "ub": 1954552.7472460151,
    "num_cuts": 310253,
    "comp_time": 8573.377256631851,
    "obj": 1954549.9721597356,
    "MIP_gap": 7.366900952468732e-05,
    "num_nodes": 5009.0,
    "zJ": [
        [
            0,
            0,
            0,
            0,
            0,
            0,
            0,
            0,
            0,
            0,
            0
        ],
        [
            1,
            1,
            1,
            1,
            1,
            1,
            1,
            1,
            1,
            1,
            1
        ],
        [
            0,
            0,
            0,
            0,
            0,
            0,
            0,
            0,
            0,
            0,
            0
        ],
        [
            1,
            1,
            1,
            1,
            1,
            1,
            1,
            1,
            1,
            1,
            1
        ],
        [
            1,
            1,
            1,
            1,
            1,
            1,
            1,
            1,
            1,
            1,
            1
        ],
        [
            0,
            0,
            0,
            0,
            0,
            0,
            0,
            0,
            0,
            0,
            0
        ],
        [
            0,
            0,
            0,
            0,
            0,
            0,
            0,
            0,
            0,
            0,
            0
        ],
        [
            1,
            1,
            1,
            1,
            1,
            1,
            1,
            1,
            1,
            1,
            1
        ],
        [
            1,
            1,
            1,
            1,
            1,
            1,
            1,
            1,
            1,
            1,
            1
        ],
        [
            0,
            0,
            0,
            0,
            0,
            0,
            0,
            0,
            0,
            0,
            0
        ]
    ],
    "lJ": [
        [
            0.0,
            0.0,
            0.0,
            0.0,
            0.0,
            0.0,
            0.0,
            0.0,
            0.0,
            0.0,
            0.0
        ],
        [
            0.0,
            0.0,
            0.0,
            0.0,
            467.76857983776256,
            3186.5679013309195,
            5752.589410872461,
            7575.677131906312,
            8639.452231887088,
            9426.539831133867,
            0.0
        ],
        [
            0.0,
            0.0,
            0.0,
            0.0,
            0.0,
            0.0,
            0.0,
            0.0,
            0.0,
            0.0,
            0.0
        ],
        [
            0.0,
            0.11859662882341362,
            0.0,
            0.03572288527849464,
            0.36047632180132494,
            578.9016166017701,
            1350.4404480045841,
            1350.4519582155124,
            1352.0383600574949,
            1352.143106203652,
            0.0
        ],
        [
            0.0,
            0.1282125136553395,
            0.0,
            0.0,
            0.569256234168423,
            0.0,
            0.20519286922077531,
            0.0,
            0.4101445286070987,
            0.0,
            0.0
        ],
        [
            0.0,
            0.0,
            0.0,
            0.0,
            0.0,
            0.0,
            0.0,
            0.0,
            0.0,
            0.0,
            0.0
        ],
        [
            0.0,
            0.0,
            0.0,
            0.0,
            0.0,
            0.0,
            0.0,
            0.0,
            0.0,
            0.0,
            0.0
        ],
        [
            0.0,
            0.0,
            0.5449142750693818,
            0.942976640930046,
            1647.4991266377563,
            5400.9391469704,
            11910.910442067898,
            20517.130975707725,
            27565.644082198,
            32573.88422092399,
            0.0
        ],
        [
            3.636030193229011e-14,
            0.0,
            0.0,
            0.0,
            0.42562693433948945,
            8.371026696411873,
            722.9120418750688,
            5553.196045614307,
            7328.450385498515,
            7422.0,
            0.0
        ],
        [
            0.0,
            0.0,
            0.0,
            0.0,
            0.0,
            0.0,
            0.0,
            0.0,
            0.0,
            0.0,
            0.0
        ]
    ],
    "eI_t0": [
        4984.0,
        4179.0,
        30823.0,
        14914.0,
        1466.0,
        2090.0,
        7024.0,
        4439.0,
        2907.0,
        6191.0
    ],
    "eJ_t0": [
        0.0,
        0.0,
        0.0,
        0.0,
        0.0,
        0.0,
        0.0,
        0.0,
        0.0,
        0.0
    ],
    "cost_t0": {
        "Fixed": 796362.0,
        "Relief Inventory": 1.8180150966145055e-14,
        "Evacuee Inventory": 0.0,
        "Penalty": 0.0,
        "Emergency": 0.0,
        "Relief Purchase": 0.0,
        "Relief Transportation": 1.9799383211542675e-16,
        "Evacuee Transportation": 0.0,
        "Relief Dumping": 0.0
    }
}