I,Pop5%,X,Y
0,12218,-80.66764319880942,32.27102423310125
1,7083,-79.72112650486854,33.00826128484017
2,19353,-78.8512236509173,33.68582420523207
3,34986,-80.06588742496207,32.739728752966585
4,5377,-79.30330002587122,33.3337042099215
