J,CAPACITY,X,Y
0,18553,-79.407905855,33.9055824
1,18846,-81.82141906454545,34.70954505454545
2,9967,-81.72419072166667,33.73175772
3,47261,-80.70485265363637,32.98324933909091
4,24510,-80.31634425222222,34.262991326666665
