{
    "ub": 30561585.41090732,
    "num_cuts": 303978,
    "comp_time": 10605.56104683876,
    "obj": 30561570.37696315,
    "MIP_gap": 1.2189459679303593e-16,
    "num_nodes": 7457.0,
    "zJ": [
        [
            1,
            1,
            1,
            1,
            1,
            1,
            1,
            1,
            1,
            1,
            1,
            1,
            1,
            1,
            1
        ],
        [
            1,
            1,
            1,
            1,
            1,
            1,
            1,
            1,
            1,
            1,
            1,
            1,
            1,
            1,
            1
        ],
        [
            1,
            1,
            1,
            1,
            1,
            1,
            1,
            1,
            1,
            1,
            1,
            1,
            1,
            1,
            1
        ],
        [
            0,
            0,
            0,
            0,
            0,
            0,
            0,
            0,
            0,
            0,
            0,
            0,
            0,
            0,
            0
        ],
        [
            1,
            1,
            1,
            1,
            1,
            1,
            1,
            1,
            1,
            1,
            1,
            1,
            1,
            1,
            1
        ],
        [
            1,
            1,
            1,
            1,
            1,
            1,
            1,
            1,
            1,
            1,
            1,
            1,
            1,
            1,
            1
        ],
        [
            0,
            0,
            0,
            0,
            0,
            0,
            0,
            0,
            0,
            0,
            0,
            0,
            0,
            0,
            0
        ],
        [
            1,
            1,
            1,
            1,
            1,
            1,
            1,
            1,
            1,
            1,
            1,
            1,
            1,
            1,
            1
        ],
        [
            1,
            1,
            1,
            1,
            1,
            1,
            1,
            1,
            1,
            1,
            1,
            1,
            1,
            1,
            1
        ],
        [
            1,
            1,
            1,
            1,
            1,
            1,
            1,
            1,
            1,
            1,
            1,
            1,
            1,
            1,
            1
        ]
    ],
    "lJ": [
        [
            0.0,
            0.0,
            0.0,
            0.027087216249053865,
            1599.7242931206915,
            6429.638491214909,
            13559.981954294723,
            32274.30979429354,
            37318.95928025599,
            36109.11208111275,
            37336.0,
            37335.60371690222,
            37336.0,
            37336.0,
            0.0
        ],
        [
            0.0,
            0.0,
            0.0,
            0.0,
            4181.585646185654,
            10327.31892722138,
            14442.531496850701,
            55656.78530793993,
            59549.708545794434,
            59549.67893206506,
            59550.0,
            59550.0,
            59549.99300701582,
            59550.0,
            0.0
        ],
        [
            0.0,
            0.0,
            0.0,
            0.0,
            10353.866095833298,
            42943.82745829284,
            102069.73964804194,
            150113.42866092603,
            211218.51726597987,
            194095.9497370623,
            211219.99961595828,
            211220.0,
            211219.95191091142,
            211220.0,
            0.0
        ],
        [
            0.0,
            0.0,
            0.0,
            0.0,
            0.0,
            0.0,
            0.0,
            0.0,
            0.0,
            0.0,
            0.0,
            0.0,
            0.0,
            0.0,
            0.0
        ],
        [
            0.0,
            0.0,
            0.0,
            0.0,
            5271.109610543585,
            7594.105124069921,
            16651.2024345404,
            18824.826042761368,
            22827.69219613736,
            29808.203240452425,
            37590.665544158655,
            38773.31487455589,
            45498.062425288175,
            49798.99745478904,
            0.0
        ],
        [
            0.0,
            0.0,
            0.0,
            0.0,
            3816.366450932657,
            10170.159192748719,
            26519.668985481967,
            58611.13668958392,
            54983.78576402515,
            66338.0370709813,
            93101.0,
            93101.0,
            93100.90212269136,
            93100.99985367738,
            0.0
        ],
        [
            0.0,
            0.0,
            0.0,
            0.0,
            0.0,
            0.0,
            0.0,
            0.0,
            0.0,
            0.0,
            0.0,
            0.0,
            0.0,
            0.0,
            0.0
        ],
        [
            0.0,
            0.0,
            0.007879452339857585,
            0.12473698651748699,
            1.8626891764597324,
            2737.681935086804,
            3328.364951810028,
            25530.0,
            25530.0,
            25530.0,
            25530.0,
            25530.0,
            25530.0,
            25530.0,
            0.0
        ],
        [
            0.0,
            0.0,
            0.0,
            0.0,
            4466.146552793985,
            23477.955645493505,
            41810.765812644415,
            93391.96606073668,
            93448.76725226817,
            93446.63935899275,
            93448.9996770338,
            93449.0,
            93449.0,
            93448.99215381319,
            0.0
        ],
        [
            0.0,
            0.007879451538653288,
            0.0,
            0.19841091592962298,
            8502.715169573617,
            32569.22923979567,
            75611.63109884184,
            110818.6571673274,
            142106.31047975548,
            142106.55926876396,
            143415.0,
            143414.99898552726,
            143415.0,
            143415.0,
            0.0
        ]
    ],
    "eI_t0": [
        14556.0,
        42754.0,
        127904.0,
        37009.0,
        23758.0,
        72621.0,
        152416.0,
        93376.0,
        164881.0,
        61095.0
    ],
    "eJ_t0": [
        0.0,
        0.0,
        0.0,
        0.0,
        0.0,
        0.0,
        0.0,
        0.0,
        0.0,
        0.0
    ],
    "cost_t0": {
        "Fixed": 8917500.0,
        "Relief Inventory": 0.0,
        "Evacuee Inventory": 0.0,
        "Penalty": 0.0,
        "Emergency": 0.0,
        "Relief Purchase": 0.0,
        "Relief Transportation": 0.0,
        "Evacuee Transportation": 0.0,
        "Relief Dumping": 0.0
    }
}