{
    "ub": 34802814.30212921,
    "num_cuts": 2694,
    "comp_time": 31.12157392501831,
    "gap": 0.6449315962975095,
    "lb": 12357379.718611224,
    "num_itr": 27,
    "zJ": [
        [
            0,
            0,
            0,
            0,
            0,
            0,
            0,
            0,
            0,
            0,
            0,
            0,
            0,
            0,
            0
        ],
        [
            1,
            1,
            1,
            1,
            1,
            1,
            1,
            1,
            1,
            1,
            1,
            1,
            1,
            1,
            1
        ],
        [
            1,
            1,
            1,
            1,
            1,
            1,
            1,
            1,
            1,
            1,
            1,
            1,
            1,
            1,
            1
        ],
        [
            1,
            1,
            1,
            1,
            1,
            1,
            1,
            1,
            1,
            1,
            1,
            1,
            1,
            1,
            1
        ],
        [
            1,
            1,
            1,
            1,
            1,
            1,
            1,
            1,
            1,
            1,
            1,
            1,
            1,
            1,
            1
        ],
        [
            1,
            1,
            1,
            1,
            1,
            1,
            1,
            1,
            1,
            1,
            1,
            1,
            1,
            1,
            1
        ],
        [
            1,
            1,
            1,
            1,
            1,
            1,
            1,
            1,
            1,
            1,
            1,
            1,
            1,
            1,
            1
        ],
        [
            1,
            1,
            1,
            1,
            1,
            1,
            1,
            1,
            1,
            1,
            1,
            1,
            1,
            1,
            1
        ],
        [
            0,
            0,
            0,
            0,
            0,
            0,
            0,
            0,
            0,
            0,
            0,
            0,
            0,
            0,
            0
        ],
        [
            1,
            1,
            1,
            1,
            1,
            1,
            1,
            1,
            1,
            1,
            1,
            1,
            1,
            1,
            1
        ]
    ],
    "lJ": [
        [
            0.0,
            0.0,
            0.0,
            0.0,
            0.0,
            0.0,
            0.0,
            0.0,
            0.0,
            0.0,
            0.0,
            0,
            0,
            0.0,
            0.0
        ],
        [
            0.0,
            0.0,
            0.0,
            46805.12448180652,
            59550.0,
            47151.52161568538,
            50252.8832287144,
            59550.0,
            59550.0,
            59550.0,
            59550.0,
            59550.0,
            59550.0,
            59550.0,
            0.0
        ],
        [
            0.0,
            0.0,
            0.0,
            0.0,
            36064.834836294736,
            0.0,
            2262.46139596203,
            199780.64425713356,
            211220.0,
            192059.0472042076,
            179048.61402139132,
            156237.3111921344,
            211220.0,
            104598.07800856917,
            0.0
        ],
        [
            0.0,
            0.0,
            0.0,
            74252.75759304641,
            82959.0,
            0.0,
            65570.90541783931,
            80652.27361852006,
            82959.0,
            82959.0,
            81990.5364481726,
            82959.0,
            82959.0,
            82958.99999999485,
            0.0
        ],
        [
            0.0,
            0.0,
            0.0,
            49799.0,
            49799.0,
            49799.0,
            49799.0,
            49799.0,
            49799.0,
            49799.0,
            49799.0,
            49799.0,
            49799.0,
            0.0,
            0.0
        ],
        [
            0.0,
            0.0,
            0.0,
            0.0,
            0.0,
            93101.0,
            93101.0,
            60426.22156631693,
            45284.11006839184,
            93101.0,
            93101.0,
            93101.0,
            93101.0,
            2622.892662511913,
            0.0
        ],
        [
            0.0,
            0.0,
            82211.0,
            0.0,
            0.0,
            27422.552600737716,
            35519.05489187688,
            26548.265776918775,
            82211.0,
            82211.0,
            82211.0,
            82211.0,
            45740.65992117572,
            64713.39402115874,
            0.0
        ],
        [
            0.0,
            0.0,
            25530.0,
            0.0,
            0.0,
            7895.827879248936,
            25530.0,
            8045.477491060378,
            8618.334730642415,
            25530.0,
            25530.0,
            10795.571847802627,
            25530.0,
            25530.0,
            0.0
        ],
        [
            0.0,
            0.0,
            0.0,
            0.0,
            0.0,
            0.0,
            0.0,
            0.0,
            0.0,
            0.0,
            0.0,
            0.0,
            0.0,
            0.0,
            0.0
        ],
        [
            0.0,
            0.0,
            0.0,
            0.0,
            0.0,
            0.0,
            0.0,
            114573.65426588192,
            143414.99999999997,
            143415.00000000003,
            123605.50734819917,
            100902.3234290257,
            143415.0,
            109843.36398772911,
            0.0
        ]
    ],
    "eI_t0": [
        14556.0,
        42754.0,
        127904.0,
        37009.0,
        23758.0,
        72621.0,
        152416.0,
        93376.0,
        164881.0,
        61095.0
    ],
    "eJ_t0": [
        0.0,
        0.0,
        0.0,
        0.0,
        0.0,
        0.0,
        0.0,
        0.0,
        0.0,
        0.0
    ],
    "cost_t0": {
        "Fixed": 9347312.5,
        "Relief Inventory": 0.0,
        "Evacuee Inventory": 0.0,
        "Penalty": 0.0,
        "Emergency": 0.0,
        "Relief Purchase": 0.0,
        "Relief Transportation": 0.0,
        "Evacuee Transportation": 0.0,
        "Relief Dumping": 0.0
    }
}