{
    "ub": 34523298.747269325,
    "num_cuts": 2798,
    "comp_time": 30.318450212478638,
    "gap": 0.6061747289679538,
    "lb": 13596147.486063642,
    "num_itr": 28,
    "zJ": [
        [
            1,
            1,
            1,
            1,
            1,
            1,
            1,
            1,
            1,
            1,
            1,
            1,
            1,
            1,
            1
        ],
        [
            1,
            1,
            1,
            1,
            1,
            1,
            1,
            1,
            1,
            1,
            1,
            1,
            1,
            1,
            1
        ],
        [
            1,
            1,
            1,
            1,
            1,
            1,
            1,
            1,
            1,
            1,
            1,
            1,
            1,
            1,
            1
        ],
        [
            1,
            1,
            1,
            1,
            1,
            1,
            1,
            1,
            1,
            1,
            1,
            1,
            1,
            1,
            1
        ],
        [
            1,
            1,
            1,
            1,
            1,
            1,
            1,
            1,
            1,
            1,
            1,
            1,
            1,
            1,
            1
        ],
        [
            1,
            1,
            1,
            1,
            1,
            1,
            1,
            1,
            1,
            1,
            1,
            1,
            1,
            1,
            1
        ],
        [
            1,
            1,
            1,
            1,
            1,
            1,
            1,
            1,
            1,
            1,
            1,
            1,
            1,
            1,
            1
        ],
        [
            1,
            1,
            1,
            1,
            1,
            1,
            1,
            1,
            1,
            1,
            1,
            1,
            1,
            1,
            1
        ],
        [
            1,
            1,
            1,
            1,
            1,
            1,
            1,
            1,
            1,
            1,
            1,
            1,
            1,
            1,
            1
        ],
        [
            0,
            0,
            0,
            0,
            0,
            0,
            0,
            0,
            0,
            0,
            0,
            0,
            0,
            0,
            0
        ]
    ],
    "lJ": [
        [
            0.0,
            0.0,
            0.0,
            37336.0,
            37336.0,
            37336.0,
            37336.0,
            37336.0,
            37336.0,
            37336.0,
            37336.0,
            37336.0,
            37336.0,
            37336.0,
            0.0
        ],
        [
            0.0,
            0.0,
            0.0,
            59550.0,
            0.0,
            47135.618954527905,
            59550.0,
            59550.0,
            2502.249589207503,
            3329.4580694286556,
            39331.52662350699,
            9291.319038029205,
            59550.0,
            59550.0,
            0.0
        ],
        [
            0.0,
            0.0,
            206753.00010945371,
            0.0,
            87360.89284534789,
            34050.23232705705,
            33849.63728219534,
            198728.91313277598,
            167587.98294479956,
            211220.0,
            211220.0,
            153234.3107976527,
            211220.0,
            193789.63634993363,
            0.0
        ],
        [
            0.0,
            0.0,
            0.0,
            29666.464283019322,
            0.0,
            0.0,
            82959.0,
            58998.401117635236,
            68511.04766124419,
            82959.0,
            76468.24905537625,
            82959.0,
            70824.77872985482,
            80605.14693263626,
            0.0
        ],
        [
            0.0,
            0.0,
            49799.0,
            0.0,
            0.0,
            0.0,
            49799.0,
            49799.0,
            49799.0,
            49799.0,
            49799.0,
            0.0,
            49799.0,
            32767.570678286505,
            0.0
        ],
        [
            0.0,
            0.0,
            93101.0,
            0.0,
            93101.0,
            0.0,
            0.0,
            0.0,
            0.0,
            93101.0,
            93101.0,
            93101.0,
            93101.0,
            93101.0,
            0.0
        ],
        [
            0.0,
            0.0,
            0.0,
            82211.0,
            341.97501574775697,
            82211.0,
            23911.91170468203,
            3516.8552501627996,
            20798.800611671573,
            37680.12181954538,
            82211.0,
            82211.0,
            82211.0,
            82211.0,
            0.0
        ],
        [
            0.0,
            0.0,
            0.0,
            25530.0,
            19041.731042379728,
            25530.0,
            25530.0,
            25530.0,
            25530.0,
            25530.0,
            25530.0,
            25530.0,
            25530.0,
            25530.0,
            0.0
        ],
        [
            0.0,
            0.0,
            0.0,
            93449.0,
            93449.0,
            93449.0,
            93449.0,
            93449.0,
            93449.0,
            93449.0,
            93449.0,
            93449.0,
            93449.0,
            93449.0,
            0.0
        ],
        [
            0.0,
            0.0,
            0.0,
            0.0,
            0.0,
            0.0,
            0.0,
            0.0,
            0.0,
            0.0,
            0.0,
            0.0,
            0.0,
            0.0,
            0.0
        ]
    ],
    "eI_t0": [
        14556.0,
        42754.0,
        127904.0,
        37009.0,
        23758.0,
        72621.0,
        152416.0,
        93376.0,
        164881.0,
        61095.0
    ],
    "eJ_t0": [
        0.0,
        0.0,
        0.0,
        0.0,
        0.0,
        0.0,
        0.0,
        0.0,
        0.0,
        0.0
    ],
    "cost_t0": {
        "Fixed": 9189437.5,
        "Relief Inventory": 0.0,
        "Evacuee Inventory": 0.0,
        "Penalty": 0.0,
        "Emergency": 0.0,
        "Relief Purchase": 0.0,
        "Relief Transportation": 0.0,
        "Evacuee Transportation": 0.0,
        "Relief Dumping": 0.0
    }
}