{
    "ub": 29680097.433933087,
    "num_cuts": 149783,
    "comp_time": 3559.5824189186096,
    "obj": 29680088.8728534,
    "MIP_gap": 1.255147959435261e-16,
    "num_nodes": 4022.0,
    "zJ": [
        [
            1,
            1,
            1,
            1,
            1,
            1,
            1,
            1,
            1,
            1,
            1,
            1,
            1,
            1,
            1
        ],
        [
            1,
            1,
            1,
            1,
            1,
            1,
            1,
            1,
            1,
            1,
            1,
            1,
            1,
            1,
            1
        ],
        [
            1,
            1,
            1,
            1,
            1,
            1,
            1,
            1,
            1,
            1,
            1,
            1,
            1,
            1,
            1
        ],
        [
            0,
            0,
            0,
            0,
            0,
            0,
            0,
            0,
            0,
            0,
            0,
            0,
            0,
            0,
            0
        ],
        [
            1,
            1,
            1,
            1,
            1,
            1,
            1,
            1,
            1,
            1,
            1,
            1,
            1,
            1,
            1
        ],
        [
            1,
            1,
            1,
            1,
            1,
            1,
            1,
            1,
            1,
            1,
            1,
            1,
            1,
            1,
            1
        ],
        [
            0,
            0,
            0,
            0,
            0,
            0,
            0,
            0,
            0,
            0,
            0,
            0,
            0,
            0,
            0
        ],
        [
            1,
            1,
            1,
            1,
            1,
            1,
            1,
            1,
            1,
            1,
            1,
            1,
            1,
            1,
            1
        ],
        [
            1,
            1,
            1,
            1,
            1,
            1,
            1,
            1,
            1,
            1,
            1,
            1,
            1,
            1,
            1
        ],
        [
            1,
            1,
            1,
            1,
            1,
            1,
            1,
            1,
            1,
            1,
            1,
            1,
            1,
            1,
            1
        ]
    ],
    "lJ": [
        [
            0.0,
            0.0,
            0.0,
            2.836650293142279e-05,
            1316.536156302507,
            7126.938524054904,
            22640.383041663055,
            35813.397101815055,
            37336.0,
            37335.99999819178,
            37336.00000079941,
            37335.99999747204,
            37335.776077285496,
            37335.98974748124,
            0.0
        ],
        [
            0.0,
            0.0,
            0.0,
            0.0,
            5888.481143953184,
            23696.694975989034,
            59550.0,
            59550.00000276424,
            59550.0,
            59550.0,
            59550.000000787455,
            59550.0,
            59550.0,
            59550.0,
            0.0
        ],
        [
            0.0,
            0.0,
            0.0,
            0.0,
            7677.414909712063,
            39666.12534052778,
            92896.67304459777,
            204700.92837811535,
            204700.92836066597,
            211220.0,
            211220.0,
            211220.0,
            211220.0,
            211219.98075701142,
            0.0
        ],
        [
            0.0,
            0.0,
            0.0,
            0.0,
            0.0,
            0.0,
            0.0,
            0.0,
            0.0,
            0.0,
            0.0,
            0.0,
            0.0,
            0.0,
            0.0
        ],
        [
            0.0,
            0.0,
            0.0,
            0.0,
            600.3480678428665,
            6494.09544838514,
            8497.769087517197,
            15347.983015141963,
            16022.694536864801,
            18390.27637662954,
            16205.678059480493,
            23856.840901810232,
            18258.790601666096,
            15646.604993647017,
            0.0
        ],
        [
            0.0,
            0.0,
            0.0,
            0.0,
            2201.771706685413,
            10189.777688482809,
            31975.09369756052,
            58489.491636882,
            59023.13066416516,
            79368.70360185335,
            73769.009938273,
            93101.0,
            78748.49828641315,
            76737.4635007188,
            0.0
        ],
        [
            0.0,
            0.0,
            0.0,
            0.0,
            0.0,
            0.0,
            0.0,
            0.0,
            0.0,
            0.0,
            0.0,
            0.0,
            0.0,
            0.0,
            0.0
        ],
        [
            0.0,
            0.0,
            0.0,
            8.314451940457865e-06,
            0.0,
            3113.5517848116233,
            25529.99997149684,
            25529.999999263997,
            25530.0,
            25529.99999908959,
            25530.0,
            25530.0,
            25529.998418787953,
            25530.0,
            0.0
        ],
        [
            0.0,
            0.0,
            0.0,
            0.0,
            6794.995438472528,
            31126.555953144118,
            93448.99999999985,
            93449.00000098982,
            93449.0,
            93449.0,
            93449.0,
            93449.0,
            93448.86409430958,
            93449.0,
            0.0
        ],
        [
            0.0,
            0.0,
            6.275853104060081e-06,
            5.135281350919637e-06,
            6581.850159440331,
            51340.80308343091,
            143414.70210063804,
            143415.0,
            143415.0,
            143415.0,
            143415.0,
            143415.0,
            143414.9170141745,
            143415.0,
            0.0
        ]
    ],
    "eI_t0": [
        14556.0,
        42754.0,
        127904.0,
        37009.0,
        23758.0,
        72621.0,
        152416.0,
        93376.0,
        164881.0,
        61095.0
    ],
    "eJ_t0": [
        0.0,
        0.0,
        0.0,
        0.0,
        0.0,
        0.0,
        0.0,
        0.0,
        0.0,
        0.0
    ],
    "cost_t0": {
        "Fixed": 8917500.0,
        "Relief Inventory": 0.0,
        "Evacuee Inventory": 0.0,
        "Penalty": 0.0,
        "Emergency": 0.0,
        "Relief Purchase": 0.0,
        "Relief Transportation": 0.0,
        "Evacuee Transportation": 0.0,
        "Relief Dumping": 0.0
    }
}