{
    "comp_time": 32.744388580322266,
    "num_paths": 13,
    "num_cuts": 9271,
    "ub_avg": 59971781.738762796,
    "ub_sd": 36452724.37181577,
    "ub_quantiles": [
        7526396.546515169,
        31837703.67228488,
        52735480.90433994,
        84876423.97890167,
        211032264.79184547
    ],
    "lb": 7765744.219206918,
    "lb_change_rate": 1.0,
    "lb_list": [
        4760227.5,
        5155327.5,
        5645290.0,
        5994452.5,
        6111302.4639169,
        6545052.5,
        7097331.380897243,
        7178932.981063055,
        7181717.522227792,
        7193770.652121673,
        7259261.001446273,
        7469561.567544107,
        7765744.219206918
    ],
    "zJ": [
        1,
        1,
        0,
        0,
        1,
        1,
        1,
        1,
        1,
        1
    ]
}