{
    "ub": 23136151.18709956,
    "num_cuts": 168684,
    "comp_time": 6316.665096282959,
    "obj": 23136135.15984674,
    "MIP_gap": 0.0,
    "num_nodes": 3773.0,
    "zJ": [
        [
            1,
            1,
            1,
            1,
            1,
            1,
            1,
            1,
            1,
            1,
            1,
            1,
            1,
            1,
            1
        ],
        [
            1,
            1,
            1,
            1,
            1,
            1,
            1,
            1,
            1,
            1,
            1,
            1,
            1,
            1,
            1
        ],
        [
            1,
            1,
            1,
            1,
            1,
            1,
            1,
            1,
            1,
            1,
            1,
            1,
            1,
            1,
            1
        ],
        [
            0,
            0,
            0,
            0,
            0,
            0,
            0,
            0,
            0,
            0,
            0,
            0,
            0,
            0,
            0
        ],
        [
            1,
            1,
            1,
            1,
            1,
            1,
            1,
            1,
            1,
            1,
            1,
            1,
            1,
            1,
            1
        ],
        [
            1,
            1,
            1,
            1,
            1,
            1,
            1,
            1,
            1,
            1,
            1,
            1,
            1,
            1,
            1
        ],
        [
            1,
            1,
            1,
            1,
            1,
            1,
            1,
            1,
            1,
            1,
            1,
            1,
            1,
            1,
            1
        ],
        [
            1,
            1,
            1,
            1,
            1,
            1,
            1,
            1,
            1,
            1,
            1,
            1,
            1,
            1,
            1
        ],
        [
            1,
            1,
            1,
            1,
            1,
            1,
            1,
            1,
            1,
            1,
            1,
            1,
            1,
            1,
            1
        ],
        [
            1,
            1,
            1,
            1,
            1,
            1,
            1,
            1,
            1,
            1,
            1,
            1,
            1,
            1,
            1
        ]
    ],
    "lJ": [
        [
            0.0,
            0.0,
            0.09915191514843096,
            0.4275502598949482,
            1596.0047641229648,
            7041.182189868739,
            14436.116841145238,
            28882.8615849742,
            37336.0,
            37335.71262308638,
            37335.95484073568,
            37335.74726642631,
            37336.0,
            37336.0,
            0.0
        ],
        [
            0.0,
            0.0,
            0.0,
            0.0,
            0.652646222070279,
            2564.155404078953,
            11769.542961912683,
            52212.767736623435,
            59549.92382795661,
            59550.0,
            59550.0,
            59549.94513056461,
            59550.0,
            59549.98920349601,
            0.0
        ],
        [
            0.0,
            0.0,
            0.0,
            0.0,
            12384.42023933726,
            45652.72200424675,
            98850.97870488542,
            145155.11498210326,
            201536.48261413976,
            188924.54098065925,
            211219.98977296252,
            211218.9234970878,
            211219.8547113277,
            211220.0,
            0.0
        ],
        [
            0.0,
            0.0,
            0.0,
            0.0,
            0.0,
            0.0,
            0.0,
            0.0,
            0.0,
            0.0,
            0.0,
            0.0,
            0.0,
            0.0,
            0.0
        ],
        [
            0.0,
            0.0,
            0.0,
            0.0,
            1307.4480533989758,
            3634.3336415035456,
            9961.829529926063,
            11115.838434077761,
            15128.169330718789,
            21679.86546009348,
            28738.649107573212,
            22194.899080600964,
            27826.694807176173,
            24055.835769662837,
            0.0
        ],
        [
            0.0,
            0.0,
            0.0,
            0.0,
            3406.936262385083,
            9431.513697527716,
            24224.974623255715,
            60693.305532833125,
            60697.544382236825,
            60698.5253755892,
            78525.88005179104,
            84564.30885386311,
            84564.24925371015,
            84564.18545623183,
            0.0
        ],
        [
            0.0,
            0.0024104294308300877,
            0.023560443456908466,
            0.062384676774478565,
            12.530223842881524,
            13.58171464825596,
            20815.446778293343,
            59926.59658162299,
            81195.3282194548,
            81195.70725475813,
            82210.92865511091,
            82211.0,
            77517.02255407152,
            82211.0,
            0.0
        ],
        [
            0.0,
            0.0,
            0.0,
            0.04580699467766642,
            7080.220542621043,
            25510.920710538598,
            25510.907367929674,
            25525.849631754016,
            25529.96257582264,
            25529.996777278444,
            25530.0,
            25529.687314930496,
            25530.0,
            25529.983409365996,
            0.0
        ],
        [
            0.0,
            0.0,
            0.0,
            0.0,
            6804.88189613808,
            27870.08317572137,
            45971.36565670041,
            93441.30134662415,
            93448.99190345357,
            93449.0,
            93448.99183106337,
            93448.69537560908,
            93448.95835540116,
            93449.0,
            0.0
        ],
        [
            0.0,
            0.0,
            0.0,
            0.0,
            5599.9474700670535,
            17261.040847361288,
            40004.78162323609,
            60561.75943048063,
            70592.62520075576,
            76651.64696272735,
            92871.94302745536,
            102700.18971130517,
            98191.36066947554,
            108475.87554507425,
            0.0
        ]
    ],
    "eI_t0": [
        14556.0,
        42754.0,
        127904.0,
        37009.0,
        23758.0,
        72621.0,
        152416.0,
        93376.0,
        164881.0,
        61095.0
    ],
    "eJ_t0": [
        0.0,
        0.0,
        0.0,
        0.0,
        0.0,
        0.0,
        0.0,
        0.0,
        0.0,
        0.0
    ],
    "cost_t0": {
        "Fixed": 1989027.500000001,
        "Relief Inventory": 0.0,
        "Evacuee Inventory": 0.0,
        "Penalty": 0.0,
        "Emergency": 0.0,
        "Relief Purchase": 0.0,
        "Relief Transportation": 0.0,
        "Evacuee Transportation": 0.0,
        "Relief Dumping": 0.0
    }
}