{
    "ub": 22316371.364456557,
    "num_cuts": 94541,
    "comp_time": 2463.250786781311,
    "obj": 22316362.016097363,
    "MIP_gap": 0.0,
    "num_nodes": 1796.0,
    "zJ": [
        [
            1,
            1,
            1,
            1,
            1,
            1,
            1,
            1,
            1,
            1,
            1,
            1,
            1,
            1,
            1
        ],
        [
            1,
            1,
            1,
            1,
            1,
            1,
            1,
            1,
            1,
            1,
            1,
            1,
            1,
            1,
            1
        ],
        [
            1,
            1,
            1,
            1,
            1,
            1,
            1,
            1,
            1,
            1,
            1,
            1,
            1,
            1,
            1
        ],
        [
            0,
            0,
            0,
            0,
            0,
            0,
            0,
            0,
            0,
            0,
            0,
            0,
            0,
            0,
            0
        ],
        [
            1,
            1,
            1,
            1,
            1,
            1,
            1,
            1,
            1,
            1,
            1,
            1,
            1,
            1,
            1
        ],
        [
            1,
            1,
            1,
            1,
            1,
            1,
            1,
            1,
            1,
            1,
            1,
            1,
            1,
            1,
            1
        ],
        [
            1,
            1,
            1,
            1,
            1,
            1,
            1,
            1,
            1,
            1,
            1,
            1,
            1,
            1,
            1
        ],
        [
            1,
            1,
            1,
            1,
            1,
            1,
            1,
            1,
            1,
            1,
            1,
            1,
            1,
            1,
            1
        ],
        [
            1,
            1,
            1,
            1,
            1,
            1,
            1,
            1,
            1,
            1,
            1,
            1,
            1,
            1,
            1
        ],
        [
            1,
            1,
            1,
            1,
            1,
            1,
            1,
            1,
            1,
            1,
            1,
            1,
            1,
            1,
            1
        ]
    ],
    "lJ": [
        [
            0.0,
            0.0,
            0.0,
            0.0,
            1486.6063619022868,
            6496.315497945519,
            22008.592818692206,
            35813.39581200068,
            37335.94567506044,
            37335.99892148449,
            37335.974399842526,
            37336.0,
            37334.996727503116,
            37336.0,
            0.0
        ],
        [
            0.0,
            0.0,
            0.0,
            0.0,
            2595.481348518203,
            16701.080798088675,
            59549.619413976114,
            59549.999996804654,
            59549.99535933335,
            59550.0,
            59549.99805574001,
            59549.99668266649,
            59550.0,
            59550.0,
            0.0
        ],
        [
            0.0,
            0.0,
            0.0,
            0.0,
            7458.843739316334,
            41622.85696129304,
            94852.29078156852,
            195007.1885053991,
            195007.19114131792,
            211219.16965490748,
            211219.32573092775,
            211219.94987090386,
            199210.4218928307,
            197031.68736790738,
            0.0
        ],
        [
            0.0,
            0.0,
            0.0,
            0.0,
            0.0,
            0.0,
            0.0,
            0.0,
            0.0,
            0.0,
            0.0,
            0.0,
            0.0,
            0.0,
            0.0
        ],
        [
            0.0,
            0.0,
            0.0,
            0.0,
            683.2551993179047,
            6499.425811128157,
            10050.142161908827,
            16308.023212538787,
            16693.311726695283,
            18384.694686018665,
            15274.96880111807,
            18715.7206404904,
            17340.2881655992,
            14529.70873466933,
            0.0
        ],
        [
            0.0,
            0.0,
            0.0,
            0.0,
            1850.8253762358472,
            9801.997064335535,
            31588.609008231335,
            53866.74872112036,
            55360.34521339359,
            57757.31609892821,
            60131.97729484703,
            60420.18320238404,
            65105.454051816465,
            56485.3937275563,
            0.0
        ],
        [
            0.0,
            0.0,
            0.0,
            0.0,
            0.015026511865681881,
            19871.764808453463,
            82210.96065534031,
            82210.99770372246,
            82211.0,
            82211.0,
            82210.95259581215,
            82210.99989209446,
            73094.11897797669,
            82210.98639579584,
            0.0
        ],
        [
            0.0,
            0.0,
            0.0,
            0.0,
            6530.465455375348,
            16676.80741329749,
            25530.0,
            25530.0,
            25530.0,
            25530.0,
            25530.0,
            25529.998723391465,
            25528.034397913656,
            25529.996815073922,
            0.0
        ],
        [
            0.0,
            0.0,
            0.0,
            0.0,
            7123.198914480968,
            31127.05111148331,
            93448.80232264446,
            93449.0,
            93449.0,
            93448.99462038501,
            93449.0,
            93449.0,
            93449.0,
            93449.0,
            0.0
        ],
        [
            0.0,
            0.002644549411635133,
            0.002482225159906027,
            0.00629579310402391,
            3333.7513521638807,
            22412.342272923135,
            59861.38492477651,
            74560.44717458155,
            74560.4536736305,
            82823.42317325503,
            87208.00676712098,
            123264.2625314624,
            95977.51073537568,
            103096.23276199005,
            0.0
        ]
    ],
    "eI_t0": [
        14556.0,
        42754.0,
        127904.0,
        37009.0,
        23758.0,
        72621.0,
        152416.0,
        93376.0,
        164881.0,
        61095.0
    ],
    "eJ_t0": [
        0.0,
        0.0,
        0.0,
        0.0,
        0.0,
        0.0,
        0.0,
        0.0,
        0.0,
        0.0
    ],
    "cost_t0": {
        "Fixed": 1989027.500000001,
        "Relief Inventory": 0.0,
        "Evacuee Inventory": 0.0,
        "Penalty": 0.0,
        "Emergency": 0.0,
        "Relief Purchase": 0.0,
        "Relief Transportation": 0.0,
        "Evacuee Transportation": 0.0,
        "Relief Dumping": 0.0
    }
}