{
    "ub": 19287249.934774004,
    "num_cuts": 225758,
    "comp_time": 5420.167496442795,
    "obj": 19287249.49249314,
    "MIP_gap": 1.9314782545390143e-16,
    "num_nodes": 4585.0,
    "zJ": [
        [
            1,
            1,
            1,
            1,
            1,
            1,
            1,
            1,
            1,
            1,
            1,
            1,
            1,
            1,
            1
        ],
        [
            1,
            1,
            1,
            1,
            1,
            1,
            1,
            1,
            1,
            1,
            1,
            1,
            1,
            1,
            1
        ],
        [
            1,
            1,
            1,
            1,
            1,
            1,
            1,
            1,
            1,
            1,
            1,
            1,
            1,
            1,
            1
        ],
        [
            0,
            0,
            0,
            0,
            0,
            0,
            0,
            0,
            0,
            0,
            0,
            0,
            0,
            0,
            0
        ],
        [
            1,
            1,
            1,
            1,
            1,
            1,
            1,
            1,
            1,
            1,
            1,
            1,
            1,
            1,
            1
        ],
        [
            1,
            1,
            1,
            1,
            1,
            1,
            1,
            1,
            1,
            1,
            1,
            1,
            1,
            1,
            1
        ],
        [
            0,
            0,
            0,
            0,
            0,
            0,
            0,
            0,
            0,
            0,
            0,
            0,
            0,
            0,
            0
        ],
        [
            1,
            1,
            1,
            1,
            1,
            1,
            1,
            1,
            1,
            1,
            1,
            1,
            1,
            1,
            1
        ],
        [
            1,
            1,
            1,
            1,
            1,
            1,
            1,
            1,
            1,
            1,
            1,
            1,
            1,
            1,
            1
        ],
        [
            1,
            1,
            1,
            1,
            1,
            1,
            1,
            1,
            1,
            1,
            1,
            1,
            1,
            1,
            1
        ]
    ],
    "lJ": [
        [
            0.0,
            0.0,
            1.4491007505057496e-08,
            3.456810304669489e-08,
            1314.5567058298761,
            8495.01135656087,
            29382.8851520982,
            37336.00000000276,
            37336.00000000002,
            37336.0,
            37336.0,
            37336.0,
            37336.000000001244,
            37336.00000000067,
            0.0
        ],
        [
            0.0,
            0.0,
            0.0,
            0,
            3725.1460825727945,
            21142.43059564248,
            59549.99999996109,
            59549.9999999998,
            59549.99999999544,
            59550.0,
            59550.0,
            59550.0,
            59550.0,
            59550.0,
            0.0
        ],
        [
            0.0,
            0.0,
            0.0,
            0.0,
            7458.661275862539,
            43800.64644916998,
            158982.1540196955,
            211220.0000000047,
            211219.9999999984,
            211220.0,
            211220.0,
            211220.0,
            211220.00000000076,
            211220.0000000005,
            0.0
        ],
        [
            0.0,
            0.0,
            0.0,
            0.0,
            0.0,
            0.0,
            0.0,
            0.0,
            0.0,
            0.0,
            0.0,
            0.0,
            0.0,
            0.0,
            0.0
        ],
        [
            0.0,
            0.0,
            0.0,
            0.0,
            7564.139832380824,
            18027.880848774676,
            28798.7280273472,
            44051.62075103662,
            44051.62075103066,
            49798.99999999169,
            49799.000000001935,
            49799.0,
            47535.53728072162,
            49506.311191966044,
            0.0
        ],
        [
            0.0,
            0.0,
            7.1722681127539545e-09,
            9.589257388142869e-09,
            1902.6810755411846,
            11251.477629330218,
            41247.591991451685,
            61222.8624347674,
            76250.4242528997,
            93101.00000000086,
            93101.0,
            93101.0,
            93101.0,
            93101.00000000029,
            0.0
        ],
        [
            0.0,
            0.0,
            0.0,
            0.0,
            0.0,
            0.0,
            0.0,
            0.0,
            0.0,
            0.0,
            0.0,
            0.0,
            0.0,
            0.0,
            0.0
        ],
        [
            0.0,
            0,
            0,
            0,
            1.67743916534846e-08,
            3113.5518047959704,
            25530.0,
            25530.0,
            25530.0,
            25529.999999998934,
            25530.0,
            25530.0,
            25530.0,
            25530.0,
            0.0
        ],
        [
            0.0,
            0.0,
            0.0,
            0.0,
            6401.191444073231,
            31126.191501347508,
            93449.00000002755,
            93448.99999999638,
            93448.99999999968,
            93449.0,
            93449.0,
            93448.99999999978,
            93449.0,
            93449.0,
            0.0
        ],
        [
            0.0,
            1.6503724609151504e-08,
            1.5710099887655815e-11,
            5.7244420759161585e-08,
            8715.96488467079,
            51334.81699425094,
            143414.99999996115,
            143415.0,
            143415.0,
            143415.0,
            143415.0,
            143414.99999999997,
            143415.0,
            143415.0,
            0.0
        ]
    ],
    "eI_t0": [
        14556.0,
        42754.0,
        127904.0,
        37009.0,
        23758.0,
        72621.0,
        152416.0,
        93376.0,
        164881.0,
        61095.0
    ],
    "eJ_t0": [
        0.0,
        0.0,
        0.0,
        0.0,
        0.0,
        0.0,
        0.0,
        0.0,
        0.0,
        0.0
    ],
    "cost_t0": {
        "Fixed": 8917500.0,
        "Relief Inventory": 0.0,
        "Evacuee Inventory": 0.0,
        "Penalty": 0.0,
        "Emergency": 0.0,
        "Relief Purchase": 0.0,
        "Relief Transportation": 0.0,
        "Evacuee Transportation": 0.0,
        "Relief Dumping": 0.0
    }
}