{
    "ub": 19556947.89593797,
    "num_cuts": 325691,
    "comp_time": 12547.267856836319,
    "obj": 19556946.641608704,
    "MIP_gap": 0.0,
    "num_nodes": 8380.0,
    "zJ": [
        [
            1,
            1,
            1,
            1,
            1,
            1,
            1,
            1,
            1,
            1,
            1,
            1,
            1,
            1,
            1
        ],
        [
            1,
            1,
            1,
            1,
            1,
            1,
            1,
            1,
            1,
            1,
            1,
            1,
            1,
            1,
            1
        ],
        [
            1,
            1,
            1,
            1,
            1,
            1,
            1,
            1,
            1,
            1,
            1,
            1,
            1,
            1,
            1
        ],
        [
            0,
            0,
            0,
            0,
            0,
            0,
            0,
            0,
            0,
            0,
            0,
            0,
            0,
            0,
            0
        ],
        [
            1,
            1,
            1,
            1,
            1,
            1,
            1,
            1,
            1,
            1,
            1,
            1,
            1,
            1,
            1
        ],
        [
            1,
            1,
            1,
            1,
            1,
            1,
            1,
            1,
            1,
            1,
            1,
            1,
            1,
            1,
            1
        ],
        [
            0,
            0,
            0,
            0,
            0,
            0,
            0,
            0,
            0,
            0,
            0,
            0,
            0,
            0,
            0
        ],
        [
            1,
            1,
            1,
            1,
            1,
            1,
            1,
            1,
            1,
            1,
            1,
            1,
            1,
            1,
            1
        ],
        [
            1,
            1,
            1,
            1,
            1,
            1,
            1,
            1,
            1,
            1,
            1,
            1,
            1,
            1,
            1
        ],
        [
            1,
            1,
            1,
            1,
            1,
            1,
            1,
            1,
            1,
            1,
            1,
            1,
            1,
            1,
            1
        ]
    ],
    "lJ": [
        [
            0.0,
            1.6675396834848685e-09,
            0.0,
            0,
            1175.9718243679633,
            5725.673891343146,
            13457.10524087973,
            26846.347169695633,
            37336.0,
            37335.99999999868,
            37336.0,
            37336.0,
            37335.9999999999,
            37336.0,
            0.0
        ],
        [
            0.0,
            0.0,
            0.0,
            0.0,
            5527.254646360222,
            10235.757041135845,
            13143.230961339403,
            52152.75105510699,
            59550.0,
            59550.0,
            59550.0,
            59550.0,
            59550.0,
            59550.0,
            0.0
        ],
        [
            0.0,
            0.0,
            0.0,
            0.0,
            10432.841981590213,
            40270.28869944648,
            96985.24575621575,
            147331.9919511778,
            209908.08096808547,
            192540.4669155322,
            211220.0,
            211220.0,
            211220.0,
            211220.0000000005,
            0.0
        ],
        [
            0.0,
            0.0,
            0.0,
            0.0,
            0.0,
            0.0,
            0.0,
            0.0,
            0.0,
            0.0,
            0.0,
            0.0,
            0.0,
            0.0,
            0.0
        ],
        [
            0.0,
            0.0,
            0.0,
            0.0,
            11888.25711047691,
            23051.913956303833,
            31683.61540986848,
            45424.22072864045,
            49798.99999999473,
            46787.44973019967,
            49799.0,
            49799.0,
            49799.0,
            49799.00000000118,
            0.0
        ],
        [
            0.0,
            0.0,
            1.965010147219476e-09,
            0.0,
            3813.642020087011,
            9838.321425990604,
            47013.00464454782,
            73342.87834739595,
            93100.9999999978,
            82867.01696014624,
            93101.00000000009,
            93101.0,
            93101.0,
            93101.0,
            0.0
        ],
        [
            0.0,
            0.0,
            0.0,
            0.0,
            0.0,
            0.0,
            0.0,
            0.0,
            0.0,
            0.0,
            0.0,
            0.0,
            0.0,
            0.0,
            0.0
        ],
        [
            0.0,
            0.0,
            0,
            0,
            3.468329959604305e-09,
            2737.7364817730554,
            3328.0505190686085,
            25529.999999996864,
            25529.999999998596,
            25530.0,
            25530.0,
            25530.0,
            25530.0,
            25530.0,
            0.0
        ],
        [
            0.0,
            0.0,
            0.0,
            0.0,
            829.3711361892465,
            20122.5210415856,
            44645.30901953195,
            93448.99999999916,
            93449.0,
            93449.0,
            93449.0,
            93448.99999999997,
            93449.0,
            93449.0,
            0.0
        ],
        [
            0.0,
            3.140836919756154e-09,
            2.6309767122085007e-09,
            3.451187492471003e-09,
            8461.813407072994,
            33324.801442139265,
            76886.38013094019,
            112120.04976018415,
            143414.999999999,
            143414.99999999983,
            143415.0,
            143415.0,
            143415.00000000017,
            143415.0,
            0.0
        ]
    ],
    "eI_t0": [
        14556.0,
        42754.0,
        127904.0,
        37009.0,
        23758.0,
        72621.0,
        152416.0,
        93376.0,
        164881.0,
        61095.0
    ],
    "eJ_t0": [
        0.0,
        0.0,
        0.0,
        0.0,
        0.0,
        0.0,
        0.0,
        0.0,
        0.0,
        0.0
    ],
    "cost_t0": {
        "Fixed": 8917500.0,
        "Relief Inventory": 0.0,
        "Evacuee Inventory": 0.0,
        "Penalty": 0.0,
        "Emergency": 0.0,
        "Relief Purchase": 0.0,
        "Relief Transportation": 0.0,
        "Evacuee Transportation": 0.0,
        "Relief Dumping": 0.0
    }
}