{
    "ub": 2810917.649319173,
    "num_cuts": 11173,
    "comp_time": 35.49826502799988,
    "obj": 2810917.6201575617,
    "MIP_gap": 0.0,
    "num_nodes": 166.0,
    "zJ": [
        [
            1,
            1,
            1,
            1,
            1,
            1,
            1,
            1,
            1,
            1,
            1
        ],
        [
            1,
            1,
            1,
            1,
            1,
            1,
            1,
            1,
            1,
            1,
            1
        ],
        [
            0,
            0,
            0,
            0,
            0,
            0,
            0,
            0,
            0,
            0,
            0
        ]
    ],
    "lJ": [
        [
            0.0,
            2.1316282072803006e-12,
            0.0,
            0,
            2294.4799999997813,
            10640.308148999411,
            24739.076190893,
            37662.54138042688,
            49007.66445384526,
            51538.99999999999,
            0.0
        ],
        [
            0.0,
            0.0,
            0.0,
            0.0,
            3250.7150000005413,
            9500.126831000607,
            13162.021667454997,
            19536.036704117,
            22281.754238102847,
            19927.285728255993,
            0.0
        ],
        [
            0.0,
            0.0,
            0.0,
            0.0,
            0.0,
            0.0,
            0.0,
            0.0,
            0.0,
            0.0,
            0.0
        ]
    ],
    "eI_t0": [
        13474.0,
        40905.0,
        24638.0
    ],
    "eJ_t0": [
        0.0,
        0.0,
        0.0
    ],
    "cost_t0": {
        "Fixed": 850752.0,
        "Relief Inventory": 0.0,
        "Evacuee Inventory": 0.0,
        "Penalty": 0.0,
        "Emergency": 0.0,
        "Relief Purchase": 0.0,
        "Relief Transportation": 0.0,
        "Evacuee Transportation": 0.0,
        "Relief Dumping": 0.0
    }
}