{
    "ub": 30273645.36136375,
    "num_cuts": 333285,
    "comp_time": 14539.145256519318,
    "obj": 30273626.97136718,
    "MIP_gap": 2.4610796070026866e-16,
    "num_nodes": 8856.0,
    "zJ": [
        [
            1,
            1,
            1,
            1,
            1,
            1,
            1,
            1,
            1,
            1,
            1,
            1,
            1,
            1,
            1
        ],
        [
            1,
            1,
            1,
            1,
            1,
            1,
            1,
            1,
            1,
            1,
            1,
            1,
            1,
            1,
            1
        ],
        [
            1,
            1,
            1,
            1,
            1,
            1,
            1,
            1,
            1,
            1,
            1,
            1,
            1,
            1,
            1
        ],
        [
            0,
            0,
            0,
            0,
            0,
            0,
            0,
            0,
            0,
            0,
            0,
            0,
            0,
            0,
            0
        ],
        [
            1,
            1,
            1,
            1,
            1,
            1,
            1,
            1,
            1,
            1,
            1,
            1,
            1,
            1,
            1
        ],
        [
            1,
            1,
            1,
            1,
            1,
            1,
            1,
            1,
            1,
            1,
            1,
            1,
            1,
            1,
            1
        ],
        [
            0,
            0,
            0,
            0,
            0,
            0,
            0,
            0,
            0,
            0,
            0,
            0,
            0,
            0,
            0
        ],
        [
            1,
            1,
            1,
            1,
            1,
            1,
            1,
            1,
            1,
            1,
            1,
            1,
            1,
            1,
            1
        ],
        [
            1,
            1,
            1,
            1,
            1,
            1,
            1,
            1,
            1,
            1,
            1,
            1,
            1,
            1,
            1
        ],
        [
            1,
            1,
            1,
            1,
            1,
            1,
            1,
            1,
            1,
            1,
            1,
            1,
            1,
            1,
            1
        ]
    ],
    "lJ": [
        [
            0.0,
            0.0,
            0.5444901864124164,
            1.0665205578675885,
            1595.921224756837,
            6149.644626388649,
            13834.03952534512,
            27217.41830804913,
            37335.935548370704,
            35252.22050932479,
            37336.0,
            37335.96328121105,
            37335.67816190347,
            37335.823947177574,
            0.0
        ],
        [
            0.0,
            0.0,
            0.0,
            0.0,
            1912.5054876016945,
            6811.3353562713355,
            13142.966381819553,
            49438.489020922214,
            59549.99220039985,
            59550.0,
            59550.0,
            59550.0,
            59549.70692554421,
            59549.81698075992,
            0.0
        ],
        [
            0.0,
            0.0,
            0.0,
            0.0,
            10806.794395771214,
            40561.59828416324,
            88208.2903933915,
            133215.7880968059,
            189005.4557766844,
            188148.80738970463,
            211220.0,
            211219.99618131356,
            211215.30754330495,
            211220.0,
            0.0
        ],
        [
            0.0,
            0.0,
            0.0,
            0.0,
            0.0,
            0.0,
            0.0,
            0.0,
            0.0,
            0.0,
            0.0,
            0.0,
            0.0,
            0.0,
            0.0
        ],
        [
            0.0,
            0.0,
            0.0,
            0.0,
            8800.018477033265,
            11131.106619284643,
            20623.897376930527,
            22742.714296467155,
            26757.58374365955,
            31925.4435170155,
            38605.434227143756,
            40098.484329725594,
            45081.82985618395,
            49798.27271010594,
            0.0
        ],
        [
            0.0,
            0.0,
            0.0,
            0.0,
            4962.6403688238715,
            10994.572728717307,
            32434.859107051194,
            64519.40678397199,
            76684.9889998949,
            73600.787888386,
            93101.0,
            93100.9680805167,
            93101.0,
            93101.0,
            0.0
        ],
        [
            0.0,
            0.0,
            0.0,
            0.0,
            0.0,
            0.0,
            0.0,
            0.0,
            0.0,
            0.0,
            0.0,
            0.0,
            0.0,
            0.0,
            0.0
        ],
        [
            0.0,
            0.0,
            0.0,
            0.3773666675428134,
            14.427727139159007,
            2736.1063716344784,
            4430.048237692287,
            25529.75637305795,
            25530.0,
            25529.993607941768,
            25529.953290719593,
            25529.98493968877,
            25530.0,
            25530.0,
            0.0
        ],
        [
            0.0,
            0.0,
            0.0,
            0.0,
            1651.5950217438087,
            20831.774265204065,
            43675.54811954178,
            93447.97541826041,
            93448.63167345981,
            93448.93896903569,
            93449.0,
            93448.98128101979,
            93449.0,
            93449.0,
            0.0
        ],
        [
            0.0,
            0.0,
            0.05973682631358116,
            0.034514566790821974,
            8448.508195471835,
            33235.11706892064,
            75195.34347667091,
            98003.34601703603,
            136700.17991668714,
            137556.5388297613,
            143414.85891346814,
            143415.0,
            143414.9761935174,
            143415.0,
            0.0
        ]
    ],
    "eI_t0": [
        14556.0,
        42754.0,
        127904.0,
        37009.0,
        23758.0,
        72621.0,
        152416.0,
        93376.0,
        164881.0,
        61095.0
    ],
    "eJ_t0": [
        0.0,
        0.0,
        0.0,
        0.0,
        0.0,
        0.0,
        0.0,
        0.0,
        0.0,
        0.0
    ],
    "cost_t0": {
        "Fixed": 8917500.0,
        "Relief Inventory": 0.0,
        "Evacuee Inventory": 0.0,
        "Penalty": 0.0,
        "Emergency": 0.0,
        "Relief Purchase": 0.0,
        "Relief Transportation": 0.0,
        "Evacuee Transportation": 0.0,
        "Relief Dumping": 0.0
    }
}