{
    "ub": 29431307.797211673,
    "num_cuts": 219061,
    "comp_time": 5889.946417093277,
    "obj": 29431300.748204026,
    "MIP_gap": 0.0,
    "num_nodes": 4890.0,
    "zJ": [
        [
            1,
            1,
            1,
            1,
            1,
            1,
            1,
            1,
            1,
            1,
            1,
            1,
            1,
            1,
            1
        ],
        [
            1,
            1,
            1,
            1,
            1,
            1,
            1,
            1,
            1,
            1,
            1,
            1,
            1,
            1,
            1
        ],
        [
            1,
            1,
            1,
            1,
            1,
            1,
            1,
            1,
            1,
            1,
            1,
            1,
            1,
            1,
            1
        ],
        [
            0,
            0,
            0,
            0,
            0,
            0,
            0,
            0,
            0,
            0,
            0,
            0,
            0,
            0,
            0
        ],
        [
            1,
            1,
            1,
            1,
            1,
            1,
            1,
            1,
            1,
            1,
            1,
            1,
            1,
            1,
            1
        ],
        [
            1,
            1,
            1,
            1,
            1,
            1,
            1,
            1,
            1,
            1,
            1,
            1,
            1,
            1,
            1
        ],
        [
            1,
            1,
            1,
            1,
            1,
            1,
            1,
            1,
            1,
            1,
            1,
            1,
            1,
            1,
            1
        ],
        [
            1,
            1,
            1,
            1,
            1,
            1,
            1,
            1,
            1,
            1,
            1,
            1,
            1,
            1,
            1
        ],
        [
            1,
            1,
            1,
            1,
            1,
            1,
            1,
            1,
            1,
            1,
            1,
            1,
            1,
            1,
            1
        ],
        [
            0,
            0,
            0,
            0,
            0,
            0,
            0,
            0,
            0,
            0,
            0,
            0,
            0,
            0,
            0
        ]
    ],
    "lJ": [
        [
            0.0,
            0.0,
            0.0,
            0.0,
            1052.7051903563765,
            6174.906007475506,
            21690.157086714717,
            37335.89021539412,
            37336.0,
            37336.0,
            37336.0,
            37336.0,
            37336.0,
            37336.0,
            0.0
        ],
        [
            0.0,
            0.0,
            0.0,
            0.0,
            3390.232327848145,
            23567.16178182892,
            59550.0,
            59550.0,
            59550.0,
            59550.0,
            59550.0,
            59549.99866780738,
            59550.0,
            59549.99910715038,
            0.0
        ],
        [
            0.0,
            0.0,
            0.0,
            0.0,
            10626.367569937165,
            51769.865914817085,
            149673.9708116928,
            211219.95533780454,
            211220.0,
            211220.0,
            211220.0,
            211220.0,
            211219.99881128725,
            211220.0,
            0.0
        ],
        [
            0.0,
            0.0,
            0.0,
            0.0,
            0.0,
            0.0,
            0.0,
            0.0,
            0.0,
            0.0,
            0.0,
            0.0,
            0.0,
            0.0,
            0.0
        ],
        [
            0.0,
            0.0,
            0.0,
            0.0,
            2918.3823096384303,
            10408.968894685715,
            16317.038921973013,
            28107.356563792986,
            28106.988045648242,
            34782.308695095555,
            37596.558644112265,
            49798.95424070113,
            44178.36497470577,
            32623.57189893296,
            0.0
        ],
        [
            0.0,
            0.0,
            0.0,
            0.030640830154446106,
            2476.2235669300144,
            12963.43108682884,
            34743.51581877082,
            93100.66893186426,
            93100.8528917054,
            93100.90531386944,
            93100.9859399022,
            93100.97931356916,
            93101.0,
            93101.0,
            0.0
        ],
        [
            0.0,
            0.060199995402919274,
            0.12483396830708876,
            0.1329410994640678,
            0.13531590562543538,
            7375.79043057357,
            82210.6667454463,
            82211.0,
            82211.0,
            82211.0,
            82211.0,
            82210.99889156928,
            82210.99860839665,
            82210.99938233073,
            0.0
        ],
        [
            0.0,
            0.0,
            0.0,
            0.0,
            3843.2503688144625,
            25525.282041264145,
            25526.980506664306,
            25529.961881962594,
            25530.0,
            25529.961229823017,
            25529.999369508598,
            25530.0,
            25530.0,
            25530.0,
            0.0
        ],
        [
            0.0,
            0.0,
            0.0,
            0.0,
            5284.32652366722,
            31070.097697443878,
            93445.72134871504,
            93449.0,
            93449.0,
            93449.0,
            93449.0,
            93449.0,
            93448.99960162038,
            93449.0,
            0.0
        ],
        [
            0.0,
            0.0,
            0.0,
            0.0,
            0.0,
            0.0,
            0.0,
            0.0,
            0.0,
            0.0,
            0.0,
            0.0,
            0.0,
            0.0,
            0.0
        ]
    ],
    "eI_t0": [
        14556.0,
        42754.0,
        127904.0,
        37009.0,
        23758.0,
        72621.0,
        152416.0,
        93376.0,
        164881.0,
        61095.0
    ],
    "eJ_t0": [
        0.0,
        0.0,
        0.0,
        0.0,
        0.0,
        0.0,
        0.0,
        0.0,
        0.0,
        0.0
    ],
    "cost_t0": {
        "Fixed": 8152450.0,
        "Relief Inventory": 0.0,
        "Evacuee Inventory": 0.0,
        "Penalty": 0.0,
        "Emergency": 0.0,
        "Relief Purchase": 0.0,
        "Relief Transportation": 0.0,
        "Evacuee Transportation": 0.0,
        "Relief Dumping": 0.0
    }
}