{
    "ub": 10659692.730649456,
    "num_cuts": 132183,
    "comp_time": 3648.1682810783386,
    "obj": 10659681.19385243,
    "MIP_gap": 1.7473741619075507e-16,
    "num_nodes": 3998.0,
    "zJ": [
        [
            1,
            1,
            1,
            1,
            1,
            1,
            1,
            1,
            1,
            1,
            1
        ],
        [
            1,
            1,
            1,
            1,
            1,
            1,
            1,
            1,
            1,
            1,
            1
        ],
        [
            0,
            0,
            0,
            0,
            0,
            0,
            0,
            0,
            0,
            0,
            0
        ],
        [
            1,
            1,
            1,
            1,
            1,
            1,
            1,
            1,
            1,
            1,
            1
        ],
        [
            1,
            1,
            1,
            1,
            1,
            1,
            1,
            1,
            1,
            1,
            1
        ],
        [
            1,
            1,
            1,
            1,
            1,
            1,
            1,
            1,
            1,
            1,
            1
        ],
        [
            1,
            1,
            1,
            1,
            1,
            1,
            1,
            1,
            1,
            1,
            1
        ],
        [
            0,
            0,
            0,
            0,
            0,
            0,
            0,
            0,
            0,
            0,
            0
        ],
        [
            0,
            0,
            0,
            0,
            0,
            0,
            0,
            0,
            0,
            0,
            0
        ],
        [
            1,
            1,
            1,
            1,
            1,
            1,
            1,
            1,
            1,
            1,
            1
        ]
    ],
    "lJ": [
        [
            0.0,
            0.0,
            0.0,
            0.001998796522282826,
            0.013781707958136031,
            0.0,
            0.09930823067099226,
            0.0,
            0.004120261134972117,
            0.02462626136670808,
            0.0
        ],
        [
            0.0,
            0.0,
            0.016710869832145533,
            0.0,
            0.036879219016386584,
            0.051734269631981945,
            0.04124420738549053,
            0.0026738530182928485,
            0.10411877689177793,
            0.026435560498697455,
            0.0
        ],
        [
            0.0,
            0.0,
            0.0,
            0.0,
            0.0,
            0.0,
            0.0,
            0.0,
            0.0,
            0.0,
            0.0
        ],
        [
            0.0,
            0.0,
            0.0,
            0.0,
            0.11613635245809927,
            0.0,
            0.2747117624137184,
            0.029647745320440944,
            0.2371288487758696,
            0.07175759171571992,
            0.0
        ],
        [
            0.0,
            0.0,
            0.0,
            0.0,
            0.0,
            0.07773105820990384,
            0.014357334590604596,
            0.1248588148327295,
            0.0,
            0.0,
            0.0
        ],
        [
            0.0,
            0.0,
            0.0,
            0.0,
            0.07841586436434847,
            0.0,
            0.0,
            0.022739914448357032,
            0.0983175388412487,
            0.19662131248124148,
            0.0
        ],
        [
            0.0,
            0.0,
            0.10006266698206345,
            0.11291043160852864,
            0.018152828565239,
            0.006326483230211076,
            0.061627887313275904,
            0.1942001688374951,
            0.0,
            0.09640906539783013,
            0.0
        ],
        [
            0.0,
            0.0,
            0.0,
            0.0,
            0.0,
            0.0,
            0.0,
            0.0,
            0.0,
            0.0,
            0.0
        ],
        [
            0.0,
            0.0,
            0.0,
            0.0,
            0.0,
            0.0,
            0.0,
            0.0,
            0.0,
            0.0,
            0.0
        ],
        [
            0.0,
            0.0,
            0.01940591955246569,
            0.021271377910239603,
            0.0,
            0.23924282041388634,
            0.0,
            0.1171277755821323,
            0.04756399611170777,
            0.07539963029537905,
            0.0
        ]
    ],
    "eI_t0": [
        4984.0,
        4179.0,
        30823.0,
        14914.0,
        1466.0,
        2090.0,
        7024.0,
        4439.0,
        2907.0,
        6191.0
    ],
    "eJ_t0": [
        0.0,
        0.0,
        0.0,
        0.0,
        0.0,
        0.0,
        0.0,
        0.0,
        0.0,
        0.0
    ],
    "cost_t0": {
        "Fixed": 768442.5,
        "Relief Inventory": 0.0,
        "Evacuee Inventory": 0.0,
        "Penalty": 0.0,
        "Emergency": 0.0,
        "Relief Purchase": 0.0,
        "Relief Transportation": 0.0,
        "Evacuee Transportation": 0.0,
        "Relief Dumping": 0.0
    }
}