{
    "ub": 139687865.20482245,
    "num_cuts": 93526,
    "comp_time": 2413.6748287677765,
    "obj": 139687554.93419284,
    "MIP_gap": 0.0,
    "num_nodes": 1636.0,
    "zJ": [
        [
            1,
            1,
            1,
            1,
            1,
            1,
            1,
            1,
            1,
            1,
            1,
            1,
            1,
            1,
            1
        ],
        [
            1,
            1,
            1,
            1,
            1,
            1,
            1,
            1,
            1,
            1,
            1,
            1,
            1,
            1,
            1
        ],
        [
            1,
            1,
            1,
            1,
            1,
            1,
            1,
            1,
            1,
            1,
            1,
            1,
            1,
            1,
            1
        ],
        [
            0,
            0,
            0,
            0,
            0,
            0,
            0,
            0,
            0,
            0,
            0,
            0,
            0,
            0,
            0
        ],
        [
            1,
            1,
            1,
            1,
            1,
            1,
            1,
            1,
            1,
            1,
            1,
            1,
            1,
            1,
            1
        ],
        [
            1,
            1,
            1,
            1,
            1,
            1,
            1,
            1,
            1,
            1,
            1,
            1,
            1,
            1,
            1
        ],
        [
            1,
            1,
            1,
            1,
            1,
            1,
            1,
            1,
            1,
            1,
            1,
            1,
            1,
            1,
            1
        ],
        [
            1,
            1,
            1,
            1,
            1,
            1,
            1,
            1,
            1,
            1,
            1,
            1,
            1,
            1,
            1
        ],
        [
            1,
            1,
            1,
            1,
            1,
            1,
            1,
            1,
            1,
            1,
            1,
            1,
            1,
            1,
            1
        ],
        [
            0,
            0,
            0,
            0,
            0,
            0,
            0,
            0,
            0,
            0,
            0,
            0,
            0,
            0,
            0
        ]
    ],
    "lJ": [
        [
            0.0,
            0.0,
            0.0,
            0.0,
            0.0,
            4.721679487596968,
            2.840905906836939,
            5539.205929181689,
            13308.3353897735,
            16785.46359820263,
            13296.890914792059,
            13295.362154902903,
            20393.48514766088,
            23780.265432900058,
            0.0
        ],
        [
            0.0,
            0.0,
            0.0,
            0.0,
            1.51000585735676,
            0.23656485630632687,
            555.9066058740905,
            17225.589079441565,
            54718.60877940691,
            59548.7751121252,
            59546.19236556366,
            59544.330885859534,
            59550.0,
            59550.0,
            0.0
        ],
        [
            0.0,
            0.0,
            0.0,
            0.0,
            1.039253030545764,
            0.0,
            5068.11779347333,
            38128.54506596207,
            70448.68113641023,
            110940.20426891139,
            120937.85589813984,
            120948.82149427678,
            172406.01826115898,
            211219.64716874697,
            0.0
        ],
        [
            0.0,
            0.0,
            0.0,
            0.0,
            0.0,
            0.0,
            0.0,
            0.0,
            0.0,
            0.0,
            0.0,
            0.0,
            0.0,
            0.0,
            0.0
        ],
        [
            0.0,
            0.0,
            0.0,
            1.9549055310798829,
            0.0,
            0.1281119854050872,
            0.0,
            0.0,
            0.13697328526848343,
            0.0,
            0.08328356383985368,
            0.1869126153075833,
            0.6398314397965337,
            0.0,
            0.0
        ],
        [
            0.0,
            0.5321975415603267,
            0.9245190819893031,
            0.0,
            0.3803986889874334,
            0.0,
            2.251367193995442,
            9.83175096197604,
            5535.6390276876655,
            43.635827998058986,
            0.6212405931136747,
            0.6526281307032026,
            0.23186821872785857,
            0.0,
            0.0
        ],
        [
            0.0,
            0.0,
            0.0,
            0.0,
            2.955419052429317,
            1.79559358537149,
            2.961228157044946,
            11025.98596523908,
            51546.41785823106,
            82203.9080985341,
            82210.2769865932,
            82210.61985860599,
            82210.70824639112,
            82210.97682938156,
            0.0
        ],
        [
            0.0,
            0.0,
            0.0,
            0.8461545713511954,
            2.5081086803320987,
            2.1743395070785407,
            14.601947932445338,
            25487.91945041675,
            25519.35118362357,
            25526.84712120753,
            25530.0,
            25524.103138901337,
            25528.7603715142,
            25529.676587020524,
            0.0
        ],
        [
            0.0,
            0.0,
            0.0,
            0.0,
            2.4406307577631754,
            3.0782619496829886,
            2.6410875508051777,
            41753.86378179314,
            66102.32323515989,
            93438.16901480546,
            93446.44037357788,
            93444.10665846024,
            93448.55390105378,
            93449.0,
            0.0
        ],
        [
            0.0,
            0.0,
            0.0,
            0.0,
            0.0,
            0.0,
            0.0,
            0.0,
            0.0,
            0.0,
            0.0,
            0.0,
            0.0,
            0.0,
            0.0
        ]
    ],
    "eI_t0": [
        14556.0,
        42754.0,
        127904.0,
        37009.0,
        23758.0,
        72621.0,
        152416.0,
        93376.0,
        164881.0,
        61095.0
    ],
    "eJ_t0": [
        0.0,
        0.0,
        0.0,
        0.0,
        0.0,
        0.0,
        0.0,
        0.0,
        0.0,
        0.0
    ],
    "cost_t0": {
        "Fixed": 8152450.0,
        "Relief Inventory": 0.0,
        "Evacuee Inventory": 0.0,
        "Penalty": 0.0,
        "Emergency": 0.0,
        "Relief Purchase": 0.0,
        "Relief Transportation": 0.0,
        "Evacuee Transportation": 0.0,
        "Relief Dumping": 0.0
    }
}