{
    "ub": 30635472.354753535,
    "num_cuts": 252191,
    "comp_time": 9570.68673324585,
    "obj": 30635459.88257388,
    "MIP_gap": 0.0,
    "num_nodes": 6551.0,
    "zJ": [
        [
            1,
            1,
            1,
            1,
            1,
            1,
            1,
            1,
            1,
            1,
            1,
            1,
            1,
            1,
            1
        ],
        [
            0,
            0,
            0,
            0,
            0,
            0,
            0,
            0,
            0,
            0,
            0,
            0,
            0,
            0,
            0
        ],
        [
            1,
            1,
            1,
            1,
            1,
            1,
            1,
            1,
            1,
            1,
            1,
            1,
            1,
            1,
            1
        ],
        [
            0,
            0,
            0,
            0,
            0,
            0,
            0,
            0,
            0,
            0,
            0,
            0,
            0,
            0,
            0
        ],
        [
            1,
            1,
            1,
            1,
            1,
            1,
            1,
            1,
            1,
            1,
            1,
            1,
            1,
            1,
            1
        ],
        [
            1,
            1,
            1,
            1,
            1,
            1,
            1,
            1,
            1,
            1,
            1,
            1,
            1,
            1,
            1
        ],
        [
            1,
            1,
            1,
            1,
            1,
            1,
            1,
            1,
            1,
            1,
            1,
            1,
            1,
            1,
            1
        ],
        [
            1,
            1,
            1,
            1,
            1,
            1,
            1,
            1,
            1,
            1,
            1,
            1,
            1,
            1,
            1
        ],
        [
            1,
            1,
            1,
            1,
            1,
            1,
            1,
            1,
            1,
            1,
            1,
            1,
            1,
            1,
            1
        ],
        [
            1,
            1,
            1,
            1,
            1,
            1,
            1,
            1,
            1,
            1,
            1,
            1,
            1,
            1,
            1
        ]
    ],
    "lJ": [
        [
            0.0,
            0.0,
            0.08232937664105326,
            0.0,
            1232.5292204252053,
            6670.2597191076975,
            14167.428461449083,
            26423.984254508454,
            36007.48275554082,
            36007.54107195979,
            37335.949316327016,
            37335.99382991065,
            37335.9857881777,
            37335.984074254084,
            0.0
        ],
        [
            0.0,
            0.0,
            0.0,
            0.0,
            0.0,
            0.0,
            0.0,
            0.0,
            0.0,
            0.0,
            0.0,
            0.0,
            0.0,
            0.0,
            0.0
        ],
        [
            0.0,
            0.0,
            0.0,
            0.0,
            15286.1658469843,
            51118.38274401793,
            107687.12172700764,
            156209.4343128877,
            202402.64408148974,
            192558.52323689088,
            211219.9607597725,
            211220.0,
            211220.0,
            211219.99189832213,
            0.0
        ],
        [
            0.0,
            0.0,
            0.0,
            0.0,
            0.0,
            0.0,
            0.0,
            0.0,
            0.0,
            0.0,
            0.0,
            0.0,
            0.0,
            0.0,
            0.0
        ],
        [
            0.0,
            0.0,
            0.0,
            0.0,
            596.9053810996626,
            3152.800940707373,
            9315.656707695576,
            10978.378284268081,
            14776.90544760107,
            18341.989921523647,
            23684.998703854784,
            21515.76893806061,
            23989.99457158978,
            20969.66344143666,
            0.0
        ],
        [
            0.0,
            0.0,
            0.0,
            0.0,
            2002.3924243555018,
            8562.23791023847,
            23130.906178625068,
            35819.73558347877,
            48496.716986862426,
            58341.22123024515,
            77851.38741559577,
            75681.0745480491,
            83641.73231656365,
            91235.94211061335,
            0.0
        ],
        [
            0.0,
            0.08695145922544728,
            0.0,
            0.1775778984577122,
            0.729136991678115,
            4520.915474061969,
            25318.569501491536,
            62544.11902193084,
            82211.0,
            82211.0,
            82210.94985034586,
            82210.99870936057,
            82211.0,
            82210.99656934109,
            0.0
        ],
        [
            0.0,
            0.0,
            0.08665064900228053,
            0.0301899273957205,
            157.96250364588732,
            3433.835429830589,
            6229.965730105594,
            25526.990754562325,
            25529.087351301736,
            25530.0,
            25529.92319883881,
            25529.662676979257,
            25530.0,
            25530.0,
            0.0
        ],
        [
            0.0,
            0.0,
            0.0,
            0.0,
            2627.0317871210045,
            17094.86299380591,
            40212.82873827602,
            93448.92782771363,
            93448.23136625666,
            93447.40078412848,
            93448.96943946109,
            93448.97151902335,
            93449.0,
            93448.99255282588,
            0.0
        ],
        [
            0.0,
            0.0,
            0.0,
            0.0,
            12534.05525146081,
            36540.31862035756,
            65474.27504100954,
            87956.97965778517,
            119442.89943931153,
            119442.17704314966,
            139075.46528696254,
            143415.0,
            143414.99342470206,
            143415.0,
            0.0
        ]
    ],
    "eI_t0": [
        14556.0,
        42754.0,
        127904.0,
        37009.0,
        23758.0,
        72621.0,
        152416.0,
        93376.0,
        164881.0,
        61095.0
    ],
    "eJ_t0": [
        0.0,
        0.0,
        0.0,
        0.0,
        0.0,
        0.0,
        0.0,
        0.0,
        0.0,
        0.0
    ],
    "cost_t0": {
        "Fixed": 9200762.5,
        "Relief Inventory": 0.0,
        "Evacuee Inventory": 0.0,
        "Penalty": 0.0,
        "Emergency": 0.0,
        "Relief Purchase": 0.0,
        "Relief Transportation": 0.0,
        "Evacuee Transportation": 0.0,
        "Relief Dumping": 0.0
    }
}