{
    "ub": 42318454.03122242,
    "num_cuts": 126785,
    "comp_time": 3115.4573414325714,
    "obj": 42318436.45631332,
    "MIP_gap": 0.0,
    "num_nodes": 3424.0,
    "zJ": [
        [
            1,
            1,
            1,
            1,
            1,
            1,
            1,
            1,
            1,
            1,
            1,
            1,
            1,
            1,
            1
        ],
        [
            1,
            1,
            1,
            1,
            1,
            1,
            1,
            1,
            1,
            1,
            1,
            1,
            1,
            1,
            1
        ],
        [
            1,
            1,
            1,
            1,
            1,
            1,
            1,
            1,
            1,
            1,
            1,
            1,
            1,
            1,
            1
        ],
        [
            0,
            0,
            0,
            0,
            0,
            0,
            0,
            0,
            0,
            0,
            0,
            0,
            0,
            0,
            0
        ],
        [
            1,
            1,
            1,
            1,
            1,
            1,
            1,
            1,
            1,
            1,
            1,
            1,
            1,
            1,
            1
        ],
        [
            1,
            1,
            1,
            1,
            1,
            1,
            1,
            1,
            1,
            1,
            1,
            1,
            1,
            1,
            1
        ],
        [
            0,
            0,
            0,
            0,
            0,
            0,
            0,
            0,
            0,
            0,
            0,
            0,
            0,
            0,
            0
        ],
        [
            1,
            1,
            1,
            1,
            1,
            1,
            1,
            1,
            1,
            1,
            1,
            1,
            1,
            1,
            1
        ],
        [
            1,
            1,
            1,
            1,
            1,
            1,
            1,
            1,
            1,
            1,
            1,
            1,
            1,
            1,
            1
        ],
        [
            1,
            1,
            1,
            1,
            1,
            1,
            1,
            1,
            1,
            1,
            1,
            1,
            1,
            1,
            1
        ]
    ],
    "lJ": [
        [
            0.0,
            0.0,
            0.013729572418015522,
            0.0,
            1190.1340048297716,
            6444.024957922423,
            19015.75245749291,
            35582.142811474565,
            35583.31823089495,
            37336.0,
            37179.4035983531,
            37335.404011631326,
            35473.59572785784,
            37335.97860344896,
            0.0
        ],
        [
            0.0,
            0.0,
            0.0,
            0.0,
            2989.1221058819756,
            18237.17309846997,
            59550.0,
            59550.0,
            59549.999253433656,
            59549.90504549041,
            59549.99809224646,
            59549.99367445058,
            59550.0,
            59549.91116110737,
            0.0
        ],
        [
            0.0,
            0.0,
            0.0,
            0.0,
            8977.283247884865,
            34851.43653049411,
            81082.70846406675,
            182309.05546676222,
            182309.91506398286,
            211220.0,
            209646.02785976138,
            211219.6508521576,
            206788.00443255692,
            211220.0,
            0.0
        ],
        [
            0.0,
            0.0,
            0.0,
            0.0,
            0.0,
            0.0,
            0.0,
            0.0,
            0.0,
            0.0,
            0.0,
            0.0,
            0.0,
            0.0,
            0.0
        ],
        [
            0.0,
            0.0,
            0.0,
            0.0,
            169.83486379569956,
            1797.9201267359938,
            7187.851800796665,
            7436.244771162576,
            8770.512345097763,
            10331.002657540706,
            2829.067714057529,
            5643.399715744997,
            934.8305715266954,
            934.7945719866582,
            0.0
        ],
        [
            0.0,
            0.0,
            0.0,
            0.0,
            1669.7911881417713,
            8924.800727814743,
            27322.263011478826,
            49685.29084251477,
            49684.3542244004,
            52407.179404818235,
            51112.86170139773,
            67732.90578505189,
            57826.59009920207,
            56739.9075288355,
            0.0
        ],
        [
            0.0,
            0.0,
            0.0,
            0.0,
            0.0,
            0.0,
            0.0,
            0.0,
            0.0,
            0.0,
            0.0,
            0.0,
            0.0,
            0.0,
            0.0
        ],
        [
            0.0,
            0.0,
            0.0,
            0.0,
            2.980874658173616,
            3112.6879570593705,
            25529.180340178922,
            25529.30919176885,
            25529.998048665842,
            25529.91646094932,
            25529.97582612702,
            25530.0,
            25530.0,
            25530.0,
            0.0
        ],
        [
            0.0,
            0.0,
            0.0,
            0.0,
            6516.807427895117,
            30204.087587717928,
            93447.84897258974,
            93449.0,
            93448.12290763741,
            93449.0,
            93449.0,
            93449.0,
            93448.9656951959,
            93448.99931356424,
            0.0
        ],
        [
            0.0,
            0.0,
            0.006096216182792053,
            0.026392538215599136,
            6743.016943461948,
            36513.924695593865,
            110189.25329684593,
            143410.63157005436,
            143409.4047965362,
            143415.0,
            143414.83041425294,
            143414.94778351614,
            143414.96691409554,
            143414.9843738662,
            0.0
        ]
    ],
    "eI_t0": [
        14556.0,
        42754.0,
        127904.0,
        37009.0,
        23758.0,
        72621.0,
        152416.0,
        93376.0,
        164881.0,
        61095.0
    ],
    "eJ_t0": [
        0.0,
        0.0,
        0.0,
        0.0,
        0.0,
        0.0,
        0.0,
        0.0,
        0.0,
        0.0
    ],
    "cost_t0": {
        "Fixed": 8917500.0,
        "Relief Inventory": 0.0,
        "Evacuee Inventory": 0.0,
        "Penalty": 0.0,
        "Emergency": 0.0,
        "Relief Purchase": 0.0,
        "Relief Transportation": 0.0,
        "Evacuee Transportation": 0.0,
        "Relief Dumping": 0.0
    }
}