{
    "ub": 44138785.50053973,
    "num_cuts": 271861,
    "comp_time": 10422.930832862854,
    "obj": 44138760.26348454,
    "MIP_gap": 0.0,
    "num_nodes": 7588.0,
    "zJ": [
        [
            1,
            1,
            1,
            1,
            1,
            1,
            1,
            1,
            1,
            1,
            1,
            1,
            1,
            1,
            1
        ],
        [
            1,
            1,
            1,
            1,
            1,
            1,
            1,
            1,
            1,
            1,
            1,
            1,
            1,
            1,
            1
        ],
        [
            1,
            1,
            1,
            1,
            1,
            1,
            1,
            1,
            1,
            1,
            1,
            1,
            1,
            1,
            1
        ],
        [
            0,
            0,
            0,
            0,
            0,
            0,
            0,
            0,
            0,
            0,
            0,
            0,
            0,
            0,
            0
        ],
        [
            1,
            1,
            1,
            1,
            1,
            1,
            1,
            1,
            1,
            1,
            1,
            1,
            1,
            1,
            1
        ],
        [
            1,
            1,
            1,
            1,
            1,
            1,
            1,
            1,
            1,
            1,
            1,
            1,
            1,
            1,
            1
        ],
        [
            0,
            0,
            0,
            0,
            0,
            0,
            0,
            0,
            0,
            0,
            0,
            0,
            0,
            0,
            0
        ],
        [
            1,
            1,
            1,
            1,
            1,
            1,
            1,
            1,
            1,
            1,
            1,
            1,
            1,
            1,
            1
        ],
        [
            1,
            1,
            1,
            1,
            1,
            1,
            1,
            1,
            1,
            1,
            1,
            1,
            1,
            1,
            1
        ],
        [
            1,
            1,
            1,
            1,
            1,
            1,
            1,
            1,
            1,
            1,
            1,
            1,
            1,
            1,
            1
        ]
    ],
    "lJ": [
        [
            0.0,
            0.0,
            0.0,
            0.4450343021499007,
            1341.0808132596717,
            6256.813580082193,
            14203.374103314081,
            26786.686685162276,
            34660.32688337335,
            34660.735064354456,
            37335.93740603549,
            37336.0,
            37335.458494682534,
            37336.0,
            0.0
        ],
        [
            0.0,
            0.0,
            0.0,
            0.0,
            4225.038188409222,
            6167.585755660399,
            16269.337166258332,
            51456.73539509236,
            59548.738878366195,
            59548.790068704155,
            59549.97984256919,
            59550.0,
            59549.98817325931,
            59550.0,
            0.0
        ],
        [
            0.0,
            0.0,
            0.0,
            0.0,
            13997.387459422736,
            44910.116711894276,
            101440.48193609329,
            131937.4893230129,
            210953.21340244828,
            188536.0195309053,
            211219.9644630432,
            211220.0,
            211220.0,
            211220.0,
            0.0
        ],
        [
            0.0,
            0.0,
            0.0,
            0.0,
            0.0,
            0.0,
            0.0,
            0.0,
            0.0,
            0.0,
            0.0,
            0.0,
            0.0,
            0.0,
            0.0
        ],
        [
            0.0,
            0.0,
            0.0,
            0.0,
            355.2252752487079,
            2384.9902158404034,
            10578.145393046228,
            10581.177542834803,
            10596.793347801135,
            14876.657343252698,
            21241.51449912795,
            21243.18604577911,
            24427.379935440396,
            30581.68037903092,
            0.0
        ],
        [
            0.0,
            0.0,
            0.0,
            0.0,
            2002.3777100224547,
            8523.733193634616,
            24059.94574177486,
            34987.15212837447,
            47425.95066995979,
            65562.83174332528,
            93101.0,
            93099.31816100793,
            93101.0,
            93101.0,
            0.0
        ],
        [
            0.0,
            0.0,
            0.0,
            0.0,
            0.0,
            0.0,
            0.0,
            0.0,
            0.0,
            0.0,
            0.0,
            0.0,
            0.0,
            0.0,
            0.0
        ],
        [
            0.0,
            0.0068801492778957415,
            0.011839679169222888,
            0.1750323840394173,
            8.67614769432963,
            2737.738877502258,
            3325.722874035977,
            25527.564394024404,
            25530.0,
            25530.0,
            25530.0,
            25529.834432280888,
            25529.986436008523,
            25530.0,
            0.0
        ],
        [
            0.0,
            0.0,
            0.0,
            0.0,
            3722.7013938288355,
            23494.534559160536,
            46019.9034234499,
            93449.0,
            93449.0,
            93449.0,
            93449.0,
            93449.0,
            93449.0,
            93448.99950570505,
            0.0
        ],
        [
            0.0,
            0.0,
            0.014365628094245632,
            0.002825665640362336,
            8453.16661317284,
            31514.1054262387,
            75645.87013279299,
            108638.41469010073,
            142085.7670991105,
            142085.76392781665,
            143415.0,
            143415.0,
            143415.0,
            143414.9830794907,
            0.0
        ]
    ],
    "eI_t0": [
        14556.0,
        42754.0,
        127904.0,
        37009.0,
        23758.0,
        72621.0,
        152416.0,
        93376.0,
        164881.0,
        61095.0
    ],
    "eJ_t0": [
        0.0,
        0.0,
        0.0,
        0.0,
        0.0,
        0.0,
        0.0,
        0.0,
        0.0,
        0.0
    ],
    "cost_t0": {
        "Fixed": 8917500.0,
        "Relief Inventory": 0.0,
        "Evacuee Inventory": 0.0,
        "Penalty": 0.0,
        "Emergency": 0.0,
        "Relief Purchase": 0.0,
        "Relief Transportation": 0.0,
        "Evacuee Transportation": 0.0,
        "Relief Dumping": 0.0
    }
}