{
    "ub": 55240070.25703449,
    "num_cuts": 133024,
    "comp_time": 3128.731288909912,
    "obj": 55240059.580315806,
    "MIP_gap": 1.490996404389446e-05,
    "num_nodes": 3377.0,
    "zJ": [
        [
            1,
            1,
            1,
            1,
            1,
            1,
            1,
            1,
            1,
            1,
            1,
            1,
            1,
            1,
            1
        ],
        [
            1,
            1,
            1,
            1,
            1,
            1,
            1,
            1,
            1,
            1,
            1,
            1,
            1,
            1,
            1
        ],
        [
            1,
            1,
            1,
            1,
            1,
            1,
            1,
            1,
            1,
            1,
            1,
            1,
            1,
            1,
            1
        ],
        [
            0,
            0,
            0,
            0,
            0,
            0,
            0,
            0,
            0,
            0,
            0,
            0,
            0,
            0,
            0
        ],
        [
            1,
            1,
            1,
            1,
            1,
            1,
            1,
            1,
            1,
            1,
            1,
            1,
            1,
            1,
            1
        ],
        [
            1,
            1,
            1,
            1,
            1,
            1,
            1,
            1,
            1,
            1,
            1,
            1,
            1,
            1,
            1
        ],
        [
            1,
            1,
            1,
            1,
            1,
            1,
            1,
            1,
            1,
            1,
            1,
            1,
            1,
            1,
            1
        ],
        [
            1,
            1,
            1,
            1,
            1,
            1,
            1,
            1,
            1,
            1,
            1,
            1,
            1,
            1,
            1
        ],
        [
            1,
            1,
            1,
            1,
            1,
            1,
            1,
            1,
            1,
            1,
            1,
            1,
            1,
            1,
            1
        ],
        [
            0,
            0,
            0,
            0,
            0,
            0,
            0,
            0,
            0,
            0,
            0,
            0,
            0,
            0,
            0
        ]
    ],
    "lJ": [
        [
            0.0,
            0.0,
            0.015228914972032876,
            0.00812808435841474,
            1182.583217548694,
            6304.784034668183,
            21817.580759197084,
            37335.98693154379,
            37336.0,
            37336.0,
            37335.99719172397,
            37336.0,
            37335.99980574029,
            37336.0,
            0.0
        ],
        [
            0.0,
            0.0,
            0.0,
            0.0,
            3389.9948279980163,
            23187.46791231522,
            59549.99999999997,
            59549.97511165694,
            59550.0,
            59549.99995482841,
            59550.0,
            59550.0,
            59550.0,
            59550.0,
            0.0
        ],
        [
            0.0,
            0.0,
            0.0,
            0.0,
            10594.0603942079,
            51692.996314552765,
            149522.79463308482,
            211219.9911504467,
            211220.0,
            211220.0,
            211220.0,
            211220.0,
            211219.99662716547,
            211220.0,
            0.0
        ],
        [
            0.0,
            0.0,
            0.0,
            0.0,
            0.0,
            0.0,
            0.0,
            0.0,
            0.0,
            0.0,
            0.0,
            0.0,
            0.0,
            0.0,
            0.0
        ],
        [
            0.0,
            0.0,
            0.0,
            0.0,
            2942.030655846615,
            10446.658347832832,
            16316.092260336693,
            28084.394594620917,
            28084.42477106023,
            34777.34942187622,
            37662.25105886337,
            49797.70829263533,
            44178.35111430005,
            32623.678995817143,
            0.0
        ],
        [
            0.0,
            0.0,
            0.0,
            0.0,
            2358.9464460906843,
            12906.468279260527,
            34687.70190092879,
            93101.0,
            93101.0,
            93101.0,
            93100.995507136,
            93100.99710275978,
            93101.0,
            93101.0,
            0.0
        ],
        [
            0.0,
            0.031923967973227996,
            0.020513294487949828,
            0.027865214056380525,
            0.14634892474730832,
            7751.7949534548,
            82210.90497688837,
            82211.0,
            82211.0,
            82211.0,
            82211.0,
            82211.0,
            82211.0,
            82210.99999999914,
            0.0
        ],
        [
            0.0,
            0.0,
            0.0,
            0.0,
            3843.401133710376,
            25529.999999999945,
            25530.0,
            25529.984518762834,
            25530.0,
            25530.0,
            25530.0,
            25530.0,
            25530.0,
            25529.999619565377,
            0.0
        ],
        [
            0.0,
            0.0,
            0.0,
            0.0,
            5280.474193903662,
            31065.13892660711,
            93449.00000000004,
            93449.0,
            93449.0,
            93449.0,
            93447.54427827882,
            93448.99867222896,
            93448.9969461541,
            93449.0,
            0.0
        ],
        [
            0.0,
            0.0,
            0.0,
            0.0,
            0.0,
            0.0,
            0.0,
            0.0,
            0.0,
            0.0,
            0.0,
            0.0,
            0.0,
            0.0,
            0.0
        ]
    ],
    "eI_t0": [
        14556.0,
        42754.0,
        127904.0,
        37009.0,
        23758.0,
        72621.0,
        152416.0,
        93376.0,
        164881.0,
        61095.0
    ],
    "eJ_t0": [
        0.0,
        0.0,
        0.0,
        0.0,
        0.0,
        0.0,
        0.0,
        0.0,
        0.0,
        0.0
    ],
    "cost_t0": {
        "Fixed": 32609800.0,
        "Relief Inventory": 0.0,
        "Evacuee Inventory": 0.0,
        "Penalty": 0.0,
        "Emergency": 0.0,
        "Relief Purchase": 0.0,
        "Relief Transportation": 0.0,
        "Evacuee Transportation": 0.0,
        "Relief Dumping": 0.0
    }
}