{
    "ub": 56878258.291377746,
    "num_cuts": 297166,
    "comp_time": 11161.223556995392,
    "obj": 56878244.54415926,
    "MIP_gap": 9.204967249475621e-05,
    "num_nodes": 7167.0,
    "zJ": [
        [
            1,
            1,
            1,
            1,
            1,
            1,
            1,
            1,
            1,
            1,
            1,
            1,
            1,
            1,
            1
        ],
        [
            1,
            1,
            1,
            1,
            1,
            1,
            1,
            1,
            1,
            1,
            1,
            1,
            1,
            1,
            1
        ],
        [
            1,
            1,
            1,
            1,
            1,
            1,
            1,
            1,
            1,
            1,
            1,
            1,
            1,
            1,
            1
        ],
        [
            0,
            0,
            0,
            0,
            0,
            0,
            0,
            0,
            0,
            0,
            0,
            0,
            0,
            0,
            0
        ],
        [
            1,
            1,
            1,
            1,
            1,
            1,
            1,
            1,
            1,
            1,
            1,
            1,
            1,
            1,
            1
        ],
        [
            1,
            1,
            1,
            1,
            1,
            1,
            1,
            1,
            1,
            1,
            1,
            1,
            1,
            1,
            1
        ],
        [
            0,
            0,
            0,
            0,
            0,
            0,
            0,
            0,
            0,
            0,
            0,
            0,
            0,
            0,
            0
        ],
        [
            0,
            0,
            0,
            0,
            0,
            0,
            0,
            0,
            0,
            0,
            0,
            0,
            0,
            0,
            0
        ],
        [
            1,
            1,
            1,
            1,
            1,
            1,
            1,
            1,
            1,
            1,
            1,
            1,
            1,
            1,
            1
        ],
        [
            1,
            1,
            1,
            1,
            1,
            1,
            1,
            1,
            1,
            1,
            1,
            1,
            1,
            1,
            1
        ]
    ],
    "lJ": [
        [
            0.0,
            2.4232774054749884e-08,
            0.0,
            0.0,
            1600.2518564509357,
            6178.079549913816,
            12909.009336942754,
            29702.939775531955,
            37336.000000000146,
            37335.939914480245,
            37336.0,
            37335.89042663121,
            37336.0,
            37336.0,
            0.0
        ],
        [
            0.0,
            0.0,
            0.0,
            0.0,
            3230.9334433755585,
            12020.12692163107,
            17989.83257893607,
            55889.59839522122,
            59550.0,
            59550.0000000001,
            59550.0,
            59550.0,
            59550.0,
            59550.0,
            0.0
        ],
        [
            0.0,
            0.0,
            0.0,
            0.0,
            11753.709259743728,
            47743.15487898357,
            100783.74682571727,
            149875.2234605943,
            211220.0,
            210100.54992237643,
            211219.9994720051,
            211220.0,
            211220.0,
            211220.0,
            0.0
        ],
        [
            0.0,
            0.0,
            0.0,
            0.0,
            0.0,
            0.0,
            0.0,
            0.0,
            0.0,
            0.0,
            0.0,
            0.0,
            0.0,
            0.0,
            0.0
        ],
        [
            0.0,
            0.0,
            0.0,
            0.0,
            7835.236241459128,
            10187.017267403291,
            20311.91371658255,
            23217.135894510182,
            27334.59063740791,
            32804.89025732235,
            49798.99936847893,
            49799.0,
            49798.85055842535,
            49798.94728909751,
            0.0
        ],
        [
            0.0,
            0.0,
            0.0,
            0.0,
            4991.32407815699,
            11409.344413173023,
            35001.77846373944,
            69019.5724874613,
            72973.3487817011,
            72973.59624512904,
            93101.0,
            93101.0,
            93101.0,
            93100.97270918461,
            0.0
        ],
        [
            0.0,
            0.0,
            0.0,
            0.0,
            0.0,
            0.0,
            0.0,
            0.0,
            0.0,
            0.0,
            0.0,
            0.0,
            0.0,
            0.0,
            0.0
        ],
        [
            0.0,
            0.0,
            0.0,
            0.0,
            0.0,
            0.0,
            0.0,
            0.0,
            0.0,
            0.0,
            0.0,
            0.0,
            0.0,
            0.0,
            0.0
        ],
        [
            0.0,
            0.0,
            0.0,
            0.0,
            1964.6678838051373,
            19964.140288584837,
            39761.64567161952,
            91338.14178736249,
            93449.0,
            93449.0,
            93448.99950429527,
            93448.9334962786,
            93449.0,
            93449.0,
            0.0
        ],
        [
            0.0,
            0.0,
            0.020787572158009276,
            0.02078757198820058,
            6820.507609704847,
            27680.25421085265,
            70896.92880543694,
            130572.76310603248,
            143415.0,
            143415.0,
            143415.0,
            143414.9999999992,
            143415.0,
            143415.0,
            0.0
        ]
    ],
    "eI_t0": [
        14556.0,
        42754.0,
        127904.0,
        37009.0,
        23758.0,
        72621.0,
        152416.0,
        93376.0,
        164881.0,
        61095.0
    ],
    "eJ_t0": [
        0.0,
        0.0,
        0.0,
        0.0,
        0.0,
        0.0,
        0.0,
        0.0,
        0.0,
        0.0
    ],
    "cost_t0": {
        "Fixed": 34393500.0,
        "Relief Inventory": 0.0,
        "Evacuee Inventory": 0.0,
        "Penalty": 0.0,
        "Emergency": 0.0,
        "Relief Purchase": 0.0,
        "Relief Transportation": 0.0,
        "Evacuee Transportation": 0.0,
        "Relief Dumping": 0.0
    }
}