{
    "comp_time": 20.452765941619873,
    "num_paths": 6,
    "num_cuts": 3916,
    "ub_avg": 205021103.33265972,
    "ub_sd": 133402609.80778015,
    "ub_quantiles": [
        4920812.5,
        108453993.55160968,
        185615342.76644218,
        285960437.5531551,
        732453671.5648718
    ],
    "lb": 156619177.69216448,
    "lb_change_rate": 1.0,
    "lb_list": [
        72165047.31567366,
        100172982.34536451,
        100172982.34536451,
        152495092.15377444,
        152495092.15377444,
        156619177.69216448
    ],
    "zJ": [
        0,
        1,
        0,
        1,
        0,
        0,
        1,
        1,
        0,
        1
    ]
}