{
    "comp_time": 226.06304216384888,
    "num_paths": 228,
    "num_cuts": 157955,
    "ub_avg": 6368005.5228500655,
    "ub_sd": 2068552.3712420235,
    "ub_quantiles": [
        2808581.3053254783,
        4864378.724811892,
        6303373.461705991,
        7785767.151764754,
        12633001.172506375
    ],
    "lb": 6347999.593474546,
    "lb_change_rate": 0.0009899191271790745,
    "lb_list": [
        1209317.3070720732,
        2486197.0,
        2683937.7777619064,
        2812668.110697534,
        3044478.0352762383,
        3130266.369238486,
        3139017.036073946,
        3147267.0921803275,
        3147267.0921803275,
        3147267.0921803275,
        3322442.4186219145,
        3478784.499618127,
        3510613.9191964106,
        4039106.9419351183,
        4099122.758230254,
        4525641.600853749,
        4541168.725467033,
        4554322.486271125,
        4562375.29998319,
        4681514.297591964,
        4699419.154314283,
        4700475.015162794,
        4962636.357576588,
        4982530.941078805,
        5024898.02922562,
        5043219.395512107,
        5052331.8925445685,
        5082696.070280685,
        5228907.680060122,
        5245426.608040895,
        5246161.868829389,
        5264005.235688427,
        5290683.491115231,
        5353104.306166915,
        5369397.011472362,
        5389295.969844148,
        5390015.675215224,
        5399039.792901861,
        5409637.276904934,
        5493402.443882892,
        5625513.265872268,
        5746796.409698649,
        5768388.778124668,
        5838216.839483764,
        5840631.551219381,
        5861507.508452231,
        5887905.778335638,
        5935017.824803172,
        6013692.121691101,
        6049821.6839713445,
        6111485.9238491,
        6121055.605812299,
        6135080.1859451635,
        6153003.440255817,
        6177386.028358771,
        6182606.620195795,
        6187521.629026864,
        6192353.735866046,
        6226520.704100134,
        6228357.852200258,
        6230706.207382226,
        6232132.746400574,
        6233464.186920005,
        6233610.82129848,
        6268041.269627571,
        6282019.169133394,
        6283477.49536901,
        6293867.136713496,
        6294646.038830226,
        6296339.3524735775,
        6296688.765440845,
        6303368.090374462,
        6309121.53525646,
        6310252.240378685,
        6311556.727277016,
        6313414.10242929,
        6314593.371119111,
        6315159.14129112,
        6317909.960882073,
        6319575.757016334,
        6321646.574888533,
        6323524.679952623,
        6325177.201915093,
        6325682.402597102,
        6326059.749237168,
        6325767.842544366,
        6326651.682576882,
        6328418.336276235,
        6330395.036702474,
        6331006.352150807,
        6331841.055559175,
        6332382.55199595,
        6332688.8445188515,
        6333669.567595824,
        6334207.245813282,
        6334551.24670559,
        6334807.839799695,
        6334903.658740096,
        6335037.970096573,
        6337084.891349609,
        6337304.799399391,
        6337441.382522924,
        6337888.879480759,
        6337977.433647086,
        6338072.513071675,
        6338268.204270166,
        6338617.68527027,
        6338858.199331694,
        6338953.811699742,
        6339017.656340354,
        6339104.996117085,
        6339390.863759123,
        6339493.799939517,
        6339606.974062212,
        6339768.4923853,
        6339838.891210556,
        6339971.0249823425,
        6340088.774607513,
        6340426.210040417,
        6340474.74256096,
        6340631.132321291,
        6340770.046491353,
        6340828.271317605,
        6340957.642074367,
        6341094.84404389,
        6341325.744955498,
        6341472.313955236,
        6341521.225765832,
        6341721.801763732,
        6341832.49796793,
        6342027.326367356,
        6342178.854045696,
        6342269.975132305,
        6342269.975132305,
        6342315.76818225,
        6342451.725553064,
        6342566.813091529,
        6342741.406069284,
        6342782.063738283,
        6342782.063738283,
        6342917.785819207,
        6342917.785819207,
        6342982.036076376,
        6343054.600559505,
        6343146.079860387,
        6343269.267882099,
        6343269.267882099,
        6343530.791445712,
        6343672.028376066,
        6343778.486897863,
        6343895.152879582,
        6343895.152879582,
        6344067.811190754,
        6344131.460592486,
        6344256.624980287,
        6344318.370891476,
        6344418.41717056,
        6344522.855509017,
        6344633.0870437175,
        6344915.107984852,
        6345006.171310527,
        6345118.912123311,
        6345322.576390424,
        6345390.471967367,
        6345452.272491972,
        6345509.045964629,
        6345550.2878262,
        6345592.851838787,
        6345681.47729793,
        6345681.47729793,
        6345764.67112224,
        6345764.67112224,
        6345854.438024013,
        6345854.438024013,
        6346049.064150435,
        6346049.064150435,
        6346049.064150435,
        6346130.045865067,
        6346226.362826674,
        6346226.362826674,
        6346273.907859837,
        6346490.377486798,
        6346535.076518338,
        6346535.076518338,
        6346629.6270043235,
        6346703.221833466,
        6346808.836301243,
        6346808.836301243,
        6346884.7697345,
        6346884.7697345,
        6346884.7697345,
        6347005.913626481,
        6347005.913626481,
        6347085.21964686,
        6347085.21964686,
        6347085.21964686,
        6347157.933203034,
        6347157.933203034,
        6347199.880528146,
        6347305.389492578,
        6347451.296310534,
        6347451.296310534,
        6347451.296310534,
        6347491.779380421,
        6347491.779380421,
        6347586.950976925,
        6347586.950976925,
        6347586.950976925,
        6347586.950976925,
        6347711.168598176,
        6347711.168598176,
        6347711.168598176,
        6347772.320158003,
        6347772.320158003,
        6347814.005814662,
        6347814.005814662,
        6347814.005814662,
        6347854.063011098,
        6347854.063011098,
        6347854.063011098,
        6347854.063011098,
        6347903.380681892,
        6347903.380681892,
        6347903.380681892,
        6347944.885989701,
        6347944.885989701,
        6347999.593474546,
        6347999.593474546
    ],
    "zJ": [
        0,
        0,
        1
    ]
}