I,Pop5%,X,Y
0,4984,-80.59930911169371,32.32424930693349
1,4179,-79.23360841894376,33.38798664904915
2,30823,-79.97849284978322,32.80779994426758
3,14914,-78.93780082120468,33.618389686454805
4,1466,-80.3804110895924,32.49474786599592
5,2090,-79.5315129785009,33.15595029872018
6,7024,-80.80426146956638,32.164612954999875
7,4439,-78.72616773828,33.783229621243684
8,2907,-80.17785938364611,32.6525143623213
9,6191,-79.7922503415146,32.95286328924963
