J,CAPACITY,X,Y
0,6915,-79.137667575,33.658718065
1,9427,-81.640072606,33.902948938
2,5956,-81.20205485,32.93316101
3,9321,-80.28441497666667,33.915090633333335
4,17100,-79.63475708333334,34.175104258333334
5,12524,-82.409916688,34.536816103999996
6,5607,-81.51491112800001,34.86710839
7,32574,-80.319509572,32.86043097
8,7422,-80.64388850499999,34.5150869675
9,12291,-80.82788860333334,33.71189749333333
