{
    "ub": 4821161.6917452365,
    "num_cuts": 2482,
    "comp_time": 10.75804328918457,
    "obj": 4821161.691745238,
    "MIP_gap": 3.8634778676271444e-16,
    "num_nodes": 36.0,
    "zJ": [
        [
            0,
            0,
            0,
            0,
            0,
            0,
            0,
            0,
            0,
            0,
            0,
            0,
            0,
            0,
            0
        ],
        [
            0,
            0,
            0,
            0,
            0,
            0,
            0,
            0,
            0,
            0,
            0,
            0,
            0,
            0,
            0
        ],
        [
            1,
            1,
            1,
            1,
            1,
            1,
            1,
            1,
            1,
            1,
            1,
            1,
            1,
            1,
            1
        ]
    ],
    "lJ": [
        [
            0.0,
            0.0,
            0.0,
            0.0,
            0.0,
            0.0,
            0.0,
            0.0,
            0.0,
            0.0,
            0.0,
            0.0,
            0.0,
            0.0,
            0.0
        ],
        [
            0.0,
            0.0,
            0.0,
            0.0,
            0.0,
            0.0,
            0.0,
            0.0,
            0.0,
            0.0,
            0.0,
            0.0,
            0.0,
            0.0,
            0.0
        ],
        [
            0.0,
            0.0,
            0.0,
            0.0,
            948.203999999997,
            7256.446990999995,
            15790.685994980002,
            38113.0,
            38113.0,
            38113.0,
            38113.0,
            38113.0,
            38113.0,
            38113.0,
            0.0
        ]
    ],
    "eI_t0": [
        13474.0,
        40905.0,
        24638.0
    ],
    "eJ_t0": [
        0.0,
        0.0,
        0.0
    ],
    "cost_t0": {
        "Fixed": 1905650.0,
        "Relief Inventory": 0.0,
        "Evacuee Inventory": 0.0,
        "Penalty": 0.0,
        "Emergency": 0.0,
        "Relief Purchase": 0.0,
        "Relief Transportation": 0.0,
        "Evacuee Transportation": 0.0,
        "Relief Dumping": 0.0
    }
}