{
    "ub": 133656212.21883062,
    "num_cuts": 97755,
    "comp_time": 2230.8408024311066,
    "obj": 133655999.1919912,
    "MIP_gap": 0.0,
    "num_nodes": 1321.0,
    "zJ": [
        [
            1,
            1,
            1,
            1,
            1,
            1,
            1,
            1,
            1,
            1,
            1,
            1,
            1,
            1,
            1
        ],
        [
            1,
            1,
            1,
            1,
            1,
            1,
            1,
            1,
            1,
            1,
            1,
            1,
            1,
            1,
            1
        ],
        [
            1,
            1,
            1,
            1,
            1,
            1,
            1,
            1,
            1,
            1,
            1,
            1,
            1,
            1,
            1
        ],
        [
            0,
            0,
            0,
            0,
            0,
            0,
            0,
            0,
            0,
            0,
            0,
            0,
            0,
            0,
            0
        ],
        [
            1,
            1,
            1,
            1,
            1,
            1,
            1,
            1,
            1,
            1,
            1,
            1,
            1,
            1,
            1
        ],
        [
            1,
            1,
            1,
            1,
            1,
            1,
            1,
            1,
            1,
            1,
            1,
            1,
            1,
            1,
            1
        ],
        [
            1,
            1,
            1,
            1,
            1,
            1,
            1,
            1,
            1,
            1,
            1,
            1,
            1,
            1,
            1
        ],
        [
            1,
            1,
            1,
            1,
            1,
            1,
            1,
            1,
            1,
            1,
            1,
            1,
            1,
            1,
            1
        ],
        [
            1,
            1,
            1,
            1,
            1,
            1,
            1,
            1,
            1,
            1,
            1,
            1,
            1,
            1,
            1
        ],
        [
            0,
            0,
            0,
            0,
            0,
            0,
            0,
            0,
            0,
            0,
            0,
            0,
            0,
            0,
            0
        ]
    ],
    "lJ": [
        [
            0.0,
            0.0,
            0.0,
            0.0,
            0.0,
            0.5878597385612788,
            7616.6429369864845,
            14745.819514359087,
            18732.85726287812,
            12748.367922666255,
            5725.388499922082,
            9052.054041215297,
            7061.40802440542,
            10930.275299063094,
            0.0
        ],
        [
            0.0,
            0.0,
            0.0,
            0.0,
            0.2008482149594753,
            11157.653960271384,
            36216.51078473517,
            59546.87359289992,
            59547.83967402816,
            59548.68654826939,
            59550.0,
            59550.0,
            59548.67222638966,
            59548.53781079269,
            0.0
        ],
        [
            0.0,
            0.0,
            0.0,
            0.0,
            3.109882003908196,
            10121.215443112505,
            47728.30846153547,
            84021.39352979377,
            108001.37504632914,
            120659.32303206647,
            96290.70553922746,
            138098.01217491933,
            132998.30864338038,
            175799.37061977515,
            0.0
        ],
        [
            0.0,
            0.0,
            0.0,
            0.0,
            0.0,
            0.0,
            0.0,
            0.0,
            0.0,
            0.0,
            0.0,
            0.0,
            0.0,
            0.0,
            0.0
        ],
        [
            0.0,
            0.0,
            0.0,
            2.198172489959882,
            0.0,
            0.9704393841292489,
            4.472455911811324,
            0.0,
            0.36313835906610464,
            0.0,
            0.0,
            0.0,
            0.0,
            0.4158355353677462,
            0.0
        ],
        [
            0.0,
            0.5113783805410735,
            0.6403891201284424,
            3.1296685633963497,
            0.15137791686375826,
            3.305782993045241,
            8.251162978181279,
            123.30056294387757,
            6656.886439811165,
            2.146701819118089,
            0.49989760680193784,
            0.0,
            0.8334795135939024,
            1.3602345870642851,
            0.0
        ],
        [
            0.0,
            0.0,
            0.0,
            0.8358031344453795,
            2.8207743380883183,
            2.4240642957642367,
            36625.53363329049,
            82206.42193996318,
            82208.76760992304,
            82210.87916017778,
            82211.0,
            82210.81668207065,
            82206.27179152734,
            82209.8626324601,
            0.0
        ],
        [
            0.0,
            0.0,
            0.0,
            0.0,
            1.159443239174996,
            10847.200784936187,
            25515.448592570752,
            25526.565497466196,
            25529.319910548948,
            25530.0,
            25528.878963313473,
            25529.952555456202,
            25527.517420557273,
            25529.82674527723,
            0.0
        ],
        [
            0.0,
            0.0,
            0.0,
            0.0,
            0.0,
            9940.32943730893,
            52663.055935410644,
            93443.46234400464,
            93441.91793635309,
            93446.9131430938,
            93446.33990980654,
            93448.9164575846,
            93433.01327419942,
            93444.45150799089,
            0.0
        ],
        [
            0.0,
            0.0,
            0.0,
            0.0,
            0.0,
            0.0,
            0.0,
            0.0,
            0.0,
            0.0,
            0.0,
            0.0,
            0.0,
            0.0,
            0.0
        ]
    ],
    "eI_t0": [
        14556.0,
        42754.0,
        127904.0,
        37009.0,
        23758.0,
        72621.0,
        152416.0,
        93376.0,
        164881.0,
        61095.0
    ],
    "eJ_t0": [
        0.0,
        0.0,
        0.0,
        0.0,
        0.0,
        0.0,
        0.0,
        0.0,
        0.0,
        0.0
    ],
    "cost_t0": {
        "Fixed": 8152450.0,
        "Relief Inventory": 0.0,
        "Evacuee Inventory": 0.0,
        "Penalty": 0.0,
        "Emergency": 0.0,
        "Relief Purchase": 0.0,
        "Relief Transportation": 0.0,
        "Evacuee Transportation": 0.0,
        "Relief Dumping": 0.0
    }
}