{
    "ub": 143012159.144797,
    "num_cuts": 132191,
    "comp_time": 4286.628251075745,
    "obj": 143012014.33073038,
    "MIP_gap": 0.0,
    "num_nodes": 3046.0,
    "zJ": [
        [
            1,
            1,
            1,
            1,
            1,
            1,
            1,
            1,
            1,
            1,
            1,
            1,
            1,
            1,
            1
        ],
        [
            1,
            1,
            1,
            1,
            1,
            1,
            1,
            1,
            1,
            1,
            1,
            1,
            1,
            1,
            1
        ],
        [
            1,
            1,
            1,
            1,
            1,
            1,
            1,
            1,
            1,
            1,
            1,
            1,
            1,
            1,
            1
        ],
        [
            0,
            0,
            0,
            0,
            0,
            0,
            0,
            0,
            0,
            0,
            0,
            0,
            0,
            0,
            0
        ],
        [
            1,
            1,
            1,
            1,
            1,
            1,
            1,
            1,
            1,
            1,
            1,
            1,
            1,
            1,
            1
        ],
        [
            1,
            1,
            1,
            1,
            1,
            1,
            1,
            1,
            1,
            1,
            1,
            1,
            1,
            1,
            1
        ],
        [
            1,
            1,
            1,
            1,
            1,
            1,
            1,
            1,
            1,
            1,
            1,
            1,
            1,
            1,
            1
        ],
        [
            0,
            0,
            0,
            0,
            0,
            0,
            0,
            0,
            0,
            0,
            0,
            0,
            0,
            0,
            0
        ],
        [
            1,
            1,
            1,
            1,
            1,
            1,
            1,
            1,
            1,
            1,
            1,
            1,
            1,
            1,
            1
        ],
        [
            0,
            0,
            0,
            0,
            0,
            0,
            0,
            0,
            0,
            0,
            0,
            0,
            0,
            0,
            0
        ]
    ],
    "lJ": [
        [
            0.0,
            0.0,
            0.0,
            0.0,
            0.0,
            0.37289297678170347,
            1.2388789404496556,
            9071.510603196775,
            18455.46888987309,
            27577.274649949926,
            29553.28638015188,
            26607.1601774502,
            30092.92370720525,
            37336.0,
            0.0
        ],
        [
            0.0,
            0.0,
            0.0,
            0.0,
            0.7326570234408871,
            0.35280206316942453,
            46.32525243502762,
            32218.56222825906,
            54556.38707526336,
            59530.244186715674,
            59546.06126085976,
            59549.20336874041,
            59549.69117639767,
            59549.94131219214,
            0.0
        ],
        [
            0.0,
            0.0,
            0.0,
            0.0,
            1.5148777146293608,
            0.49818151600184957,
            18556.018318730654,
            63830.33078469213,
            111176.46818061377,
            184865.6343517651,
            211213.93909525516,
            211215.92881447123,
            211219.09682784916,
            211219.57156832112,
            0.0
        ],
        [
            0.0,
            0.0,
            0.0,
            0.0,
            0.0,
            0.0,
            0.0,
            0.0,
            0.0,
            0.0,
            0.0,
            0.0,
            0.0,
            0.0,
            0.0
        ],
        [
            0.0,
            0.0,
            0.0,
            0.20617771863399958,
            0.1522343698602166,
            0.22631960976465815,
            0.0705911460190959,
            0.35929812191683214,
            0.0,
            0.23024339831152135,
            0.0,
            0.6359458155128779,
            0.0,
            0.0,
            0.0
        ],
        [
            0.0,
            0.0,
            0.0,
            0.0,
            0.0,
            1.4057060484362438,
            2.7005518202738052,
            5790.231432498273,
            16746.033085081326,
            24081.298488062177,
            24060.81014764287,
            26999.91998957459,
            43322.583481617236,
            93100.88266876944,
            0.0
        ],
        [
            0.0,
            0.0,
            0.07325729728609194,
            0.0,
            0.5535041738774057,
            0.6915233464308621,
            1.1512126336718036,
            15061.98111985269,
            62328.78673914793,
            82205.07016728827,
            82207.98892690527,
            82209.57173629051,
            82209.39923264897,
            82210.64933639378,
            0.0
        ],
        [
            0.0,
            0.0,
            0.0,
            0.0,
            0.0,
            0.0,
            0.0,
            0.0,
            0.0,
            0.0,
            0.0,
            0.0,
            0.0,
            0.0,
            0.0
        ],
        [
            0.0,
            0.0,
            0.0,
            0.0,
            0.5797365568506997,
            0.11915600368571028,
            6011.20116512113,
            55210.71213335843,
            93442.59998905726,
            93446.90166170376,
            93447.58502036372,
            93447.11009014832,
            93447.90095900105,
            93448.67622995765,
            0.0
        ],
        [
            0.0,
            0.0,
            0.0,
            0.0,
            0.0,
            0.0,
            0.0,
            0.0,
            0.0,
            0.0,
            0.0,
            0.0,
            0.0,
            0.0,
            0.0
        ]
    ],
    "eI_t0": [
        14556.0,
        42754.0,
        127904.0,
        37009.0,
        23758.0,
        72621.0,
        152416.0,
        93376.0,
        164881.0,
        61095.0
    ],
    "eJ_t0": [
        0.0,
        0.0,
        0.0,
        0.0,
        0.0,
        0.0,
        0.0,
        0.0,
        0.0,
        0.0
    ],
    "cost_t0": {
        "Fixed": 7833325.0,
        "Relief Inventory": 0.0,
        "Evacuee Inventory": 0.0,
        "Penalty": 0.0,
        "Emergency": 0.0,
        "Relief Purchase": 0.0,
        "Relief Transportation": 0.0,
        "Evacuee Transportation": 0.0,
        "Relief Dumping": 0.0
    }
}