{
    "ub": 2963684.5354059143,
    "num_cuts": 3963,
    "comp_time": 17.054422616958618,
    "obj": 2963684.535405914,
    "MIP_gap": 1.5712242033343172e-16,
    "num_nodes": 85.0,
    "zJ": [
        [
            0,
            0,
            0,
            0,
            0,
            0,
            0,
            0,
            0,
            0,
            0,
            0,
            0,
            0,
            0
        ],
        [
            1,
            1,
            1,
            1,
            1,
            1,
            1,
            1,
            1,
            1,
            1,
            1,
            1,
            1,
            1
        ],
        [
            1,
            1,
            1,
            1,
            1,
            1,
            1,
            1,
            1,
            1,
            1,
            1,
            1,
            1,
            1
        ]
    ],
    "lJ": [
        [
            0.0,
            0.0,
            0.0,
            0.0,
            0.0,
            0.0,
            0.0,
            0.0,
            0.0,
            0.0,
            0.0,
            0.0,
            0.0,
            0.0,
            0.0
        ],
        [
            0.0,
            0.0,
            0.0,
            0.0,
            1578.0045147004216,
            10179.455484384447,
            17999.269091184615,
            26867.09605526467,
            29485.0,
            29485.0,
            29485.0,
            25648.09116680136,
            22122.205331602283,
            6739.863706713289,
            0.0
        ],
        [
            0.0,
            0.0,
            0.0,
            0,
            715.5645449235961,
            6988.672786615603,
            21259.863942596417,
            38112.999999999985,
            38113.0,
            38113.0,
            38113.0,
            38113.0,
            38113.0,
            33890.6600675507,
            0.0
        ]
    ],
    "eI_t0": [
        13474.0,
        40905.0,
        24638.0
    ],
    "eJ_t0": [
        0.0,
        0.0,
        0.0
    ],
    "cost_t0": {
        "Fixed": 844975.0,
        "Relief Inventory": 0.0,
        "Evacuee Inventory": 0.0,
        "Penalty": 0.0,
        "Emergency": 0.0,
        "Relief Purchase": 0.0,
        "Relief Transportation": 0.0,
        "Evacuee Transportation": 0.0,
        "Relief Dumping": 0.0
    }
}