{
    "ub": 11086330.357912652,
    "num_cuts": 137213,
    "comp_time": 3871.2336082458496,
    "obj": 11086308.874819923,
    "MIP_gap": 1.680131024909057e-16,
    "num_nodes": 3504.0,
    "zJ": [
        [
            1,
            1,
            1,
            1,
            1,
            1,
            1,
            1,
            1,
            1,
            1
        ],
        [
            1,
            1,
            1,
            1,
            1,
            1,
            1,
            1,
            1,
            1,
            1
        ],
        [
            0,
            0,
            0,
            0,
            0,
            0,
            0,
            0,
            0,
            0,
            0
        ],
        [
            1,
            1,
            1,
            1,
            1,
            1,
            1,
            1,
            1,
            1,
            1
        ],
        [
            1,
            1,
            1,
            1,
            1,
            1,
            1,
            1,
            1,
            1,
            1
        ],
        [
            1,
            1,
            1,
            1,
            1,
            1,
            1,
            1,
            1,
            1,
            1
        ],
        [
            1,
            1,
            1,
            1,
            1,
            1,
            1,
            1,
            1,
            1,
            1
        ],
        [
            0,
            0,
            0,
            0,
            0,
            0,
            0,
            0,
            0,
            0,
            0
        ],
        [
            0,
            0,
            0,
            0,
            0,
            0,
            0,
            0,
            0,
            0,
            0
        ],
        [
            1,
            1,
            1,
            1,
            1,
            1,
            1,
            1,
            1,
            1,
            1
        ]
    ],
    "lJ": [
        [
            0.0,
            0.0,
            0.0,
            0.0,
            0.0,
            0.22694564782222865,
            0.0,
            0.6256829496117482,
            0.02727571466887035,
            0.6541898441760077,
            0.0
        ],
        [
            0.0,
            0.0,
            0.0,
            0.009927745442633735,
            0.08274831975137258,
            0.013147469223626885,
            0.0654032165703575,
            0.29962225998281267,
            0.4638896218161087,
            0.2804110932543031,
            0.0
        ],
        [
            0.0,
            0.0,
            0.0,
            0.0,
            0.0,
            0.0,
            0.0,
            0.0,
            0.0,
            0.0,
            0.0
        ],
        [
            0.0,
            0.0,
            0.0,
            0.0,
            0.07850002088530633,
            0.0,
            0.4504037950405572,
            0.39684628532368016,
            0.0005129587805891584,
            0.0,
            0.0
        ],
        [
            0.0,
            0.0,
            0.0,
            0.004104666963535904,
            0.01187489452679752,
            0.0,
            0.0,
            0.13416668794384917,
            0.0,
            0.0,
            0.0
        ],
        [
            0.0,
            0.0,
            0.0,
            0.0,
            0.024139974713788905,
            0.2089675187711618,
            0.10707456580292297,
            0.050960677899467476,
            0.15070485102893882,
            0.03596905968986824,
            0.0
        ],
        [
            0.0,
            0.0,
            0.0,
            0.018104667477847475,
            0.20713665202969095,
            0.0912488444368406,
            0.2694288962202747,
            0.013816293838573876,
            0.5893448444666788,
            0.2131350443449398,
            0.0
        ],
        [
            0.0,
            0.0,
            0.0,
            0.0,
            0.0,
            0.0,
            0.0,
            0.0,
            0.0,
            0.0,
            0.0
        ],
        [
            0.0,
            0.0,
            0.0,
            0.0,
            0.0,
            0.0,
            0.0,
            0.0,
            0.0,
            0.0,
            0.0
        ],
        [
            0.0,
            0.0,
            0.0321370798840176,
            0.0,
            0.0,
            0.03774564188344879,
            0.6287846809660199,
            0.0,
            0.13332846305771717,
            0.1575495955503319,
            0.0
        ]
    ],
    "eI_t0": [
        4984.0,
        4179.0,
        30823.0,
        14914.0,
        1466.0,
        2090.0,
        7024.0,
        4439.0,
        2907.0,
        6191.0
    ],
    "eJ_t0": [
        0.0,
        0.0,
        0.0,
        0.0,
        0.0,
        0.0,
        0.0,
        0.0,
        0.0,
        0.0
    ],
    "cost_t0": {
        "Fixed": 768442.5,
        "Relief Inventory": 0.0,
        "Evacuee Inventory": 0.0,
        "Penalty": 0.0,
        "Emergency": 0.0,
        "Relief Purchase": 0.0,
        "Relief Transportation": 0.0,
        "Evacuee Transportation": 0.0,
        "Relief Dumping": 0.0
    }
}