{
    "ub": 30748829.64109458,
    "num_cuts": 225523,
    "comp_time": 7888.069933652878,
    "obj": 30748816.457780063,
    "MIP_gap": 0.0,
    "num_nodes": 5950.0,
    "zJ": [
        [
            1,
            1,
            1,
            1,
            1,
            1,
            1,
            1,
            1,
            1,
            1,
            1,
            1,
            1,
            1
        ],
        [
            1,
            1,
            1,
            1,
            1,
            1,
            1,
            1,
            1,
            1,
            1,
            1,
            1,
            1,
            1
        ],
        [
            1,
            1,
            1,
            1,
            1,
            1,
            1,
            1,
            1,
            1,
            1,
            1,
            1,
            1,
            1
        ],
        [
            0,
            0,
            0,
            0,
            0,
            0,
            0,
            0,
            0,
            0,
            0,
            0,
            0,
            0,
            0
        ],
        [
            1,
            1,
            1,
            1,
            1,
            1,
            1,
            1,
            1,
            1,
            1,
            1,
            1,
            1,
            1
        ],
        [
            1,
            1,
            1,
            1,
            1,
            1,
            1,
            1,
            1,
            1,
            1,
            1,
            1,
            1,
            1
        ],
        [
            1,
            1,
            1,
            1,
            1,
            1,
            1,
            1,
            1,
            1,
            1,
            1,
            1,
            1,
            1
        ],
        [
            0,
            0,
            0,
            0,
            0,
            0,
            0,
            0,
            0,
            0,
            0,
            0,
            0,
            0,
            0
        ],
        [
            1,
            1,
            1,
            1,
            1,
            1,
            1,
            1,
            1,
            1,
            1,
            1,
            1,
            1,
            1
        ],
        [
            1,
            1,
            1,
            1,
            1,
            1,
            1,
            1,
            1,
            1,
            1,
            1,
            1,
            1,
            1
        ]
    ],
    "lJ": [
        [
            0.0,
            0.09397700643411636,
            0.0,
            0.011649394311815163,
            1282.338317202548,
            6507.924567069477,
            14177.536969640936,
            26438.067401645807,
            35608.49439974265,
            35608.33137240919,
            37335.995969931886,
            37335.99844486683,
            37335.989072410404,
            37336.0,
            0.0
        ],
        [
            0.0,
            0.0,
            0.0,
            0.0,
            1108.1903975156165,
            2914.1520157116433,
            11715.977935065917,
            50867.91492663417,
            59550.0,
            59549.99493109316,
            59549.722925833776,
            59550.0,
            59549.970707795954,
            59549.95342974224,
            0.0
        ],
        [
            0.0,
            0.0,
            0.0,
            0.0,
            12536.757351681334,
            42863.50801269509,
            100928.63728952725,
            136350.2888320269,
            192494.32345963712,
            183654.9294842947,
            211220.0,
            211212.14028573516,
            211218.59238799135,
            211219.951857461,
            0.0
        ],
        [
            0.0,
            0.0,
            0.0,
            0.0,
            0.0,
            0.0,
            0.0,
            0.0,
            0.0,
            0.0,
            0.0,
            0.0,
            0.0,
            0.0,
            0.0
        ],
        [
            0.0,
            0.0,
            0.0,
            0.0,
            597.4894476822972,
            3151.761077697171,
            10698.32862519296,
            10978.092956283977,
            14776.96543804147,
            18361.070812705493,
            24543.49834683107,
            19504.408672277743,
            22044.44587437757,
            19524.66513789776,
            0.0
        ],
        [
            0.0,
            0.0,
            0.0,
            0.0,
            1852.5761253400037,
            7751.652533162197,
            22583.88281916072,
            35798.78921520234,
            48452.393450124735,
            56331.71612777826,
            71901.6666679597,
            63970.98773696318,
            72307.43764886551,
            70068.96114834302,
            0.0
        ],
        [
            0.0,
            0.0,
            0.05942926883537232,
            0.13804966167602803,
            0.1490763901344607,
            5042.124723130254,
            23506.53143942552,
            63065.11887785283,
            82211.0,
            82210.97753171546,
            82210.83346680475,
            82210.8864021943,
            78590.59821090048,
            82210.89651897346,
            0.0
        ],
        [
            0.0,
            0.0,
            0.0,
            0.0,
            0.0,
            0.0,
            0.0,
            0.0,
            0.0,
            0.0,
            0.0,
            0.0,
            0.0,
            0.0,
            0.0
        ],
        [
            0.0,
            0.0,
            0.0,
            0.0,
            5548.908094957567,
            26154.384595896383,
            46071.1215889042,
            93444.12328201305,
            93448.93804427514,
            93448.91051215453,
            93449.0,
            93449.0,
            93449.0,
            93449.0,
            0.0
        ],
        [
            0.0,
            0.0,
            0.0,
            0.0,
            11720.282605142034,
            36691.97045692581,
            61845.53785493141,
            81972.87298150492,
            94124.66068617668,
            95083.95005314381,
            112598.17139469166,
            128228.72039425177,
            121054.27348347765,
            134007.49568640115,
            0.0
        ]
    ],
    "eI_t0": [
        14556.0,
        42754.0,
        127904.0,
        37009.0,
        23758.0,
        72621.0,
        152416.0,
        93376.0,
        164881.0,
        61095.0
    ],
    "eJ_t0": [
        0.0,
        0.0,
        0.0,
        0.0,
        0.0,
        0.0,
        0.0,
        0.0,
        0.0,
        0.0
    ],
    "cost_t0": {
        "Fixed": 9626012.5,
        "Relief Inventory": 0.0,
        "Evacuee Inventory": 0.0,
        "Penalty": 0.0,
        "Emergency": 0.0,
        "Relief Purchase": 0.0,
        "Relief Transportation": 0.0,
        "Evacuee Transportation": 0.0,
        "Relief Dumping": 0.0
    }
}