{
    "ub": 2802104.2068877365,
    "num_cuts": 4480,
    "comp_time": 18.047045469284058,
    "gap": 0.0007854460705589281,
    "lb": 2799903.30514914,
    "num_itr": 47,
    "zJ": [
        [
            1,
            1,
            1,
            1,
            1,
            1,
            1,
            1,
            1,
            1,
            1
        ],
        [
            1,
            1,
            1,
            1,
            1,
            1,
            1,
            1,
            1,
            1,
            1
        ],
        [
            0,
            0,
            0,
            0,
            0,
            0,
            0,
            0,
            0,
            0,
            0
        ]
    ],
    "lJ": [
        [
            0.0,
            0.0,
            0.0,
            0.0,
            2772.6703403383217,
            9395.355552020304,
            24913.062276371053,
            37033.838473644646,
            47907.76226873311,
            51539.0,
            0.0
        ],
        [
            0.0,
            0.0,
            0.0,
            0.0,
            2613.312423997548,
            7419.488025927819,
            13245.514104817708,
            20553.629358352147,
            23868.806727646723,
            21632.089385496776,
            0.0
        ],
        [
            0.0,
            0.0,
            0.0,
            0.0,
            0.0,
            0.0,
            0.0,
            0.0,
            0.0,
            0.0,
            0.0
        ]
    ],
    "eI_t0": [
        13474.0,
        40905.0,
        24638.0
    ],
    "eJ_t0": [
        0.0,
        0.0,
        0.0
    ],
    "cost_t0": {
        "Fixed": 850752.0,
        "Relief Inventory": 0.0,
        "Evacuee Inventory": 0.0,
        "Penalty": 0.0,
        "Emergency": 0.0,
        "Relief Purchase": 0.0,
        "Relief Transportation": 0.0,
        "Evacuee Transportation": 0.0,
        "Relief Dumping": 0.0
    }
}