{
    "ub": 2408401.436333826,
    "num_cuts": 4622,
    "comp_time": 10.310787916183472,
    "obj": 2408401.436333826,
    "MIP_gap": 0.0,
    "num_nodes": 96.0,
    "zJ": [
        [
            0,
            0,
            0,
            0,
            0,
            0,
            0,
            0,
            0,
            0,
            0
        ],
        [
            1,
            1,
            1,
            1,
            1,
            1,
            1,
            1,
            1,
            1,
            1
        ],
        [
            1,
            1,
            1,
            1,
            1,
            1,
            1,
            1,
            1,
            1,
            1
        ]
    ],
    "lJ": [
        [
            0.0,
            0.0,
            0.0,
            0.0,
            0.0,
            0.0,
            0.0,
            0.0,
            0.0,
            0.0,
            0.0
        ],
        [
            0.0,
            0.0,
            0.0,
            0.0,
            3333.9392969994296,
            9139.698682000017,
            15019.378510119854,
            21664.54374045827,
            25655.829767450137,
            29484.99999999994,
            0.0
        ],
        [
            0.0,
            0.0,
            0.0,
            0.0,
            2070.487703000576,
            7089.244703,
            23452.09719573515,
            26345.101671364006,
            35384.75220320781,
            38113.0,
            0.0
        ]
    ],
    "eI_t0": [
        0,
        0,
        0
    ],
    "eJ_t0": [
        0.0,
        0.0,
        0.0
    ],
    "cost_t0": {
        "Fixed": 709779.0,
        "Relief Inventory": 0.0,
        "Evacuee Inventory": 0.0,
        "Penalty": 0.0,
        "Emergency": 0.0,
        "Relief Purchase": 0.0,
        "Relief Transportation": 0.0,
        "Evacuee Transportation": 0.0,
        "Relief Dumping": 0.0
    }
}