{
    "ub": 2801361.5967786727,
    "num_cuts": 5469,
    "comp_time": 12.545814752578735,
    "obj": 2801361.5967786713,
    "MIP_gap": 0.0,
    "num_nodes": 118.0,
    "zJ": [
        [
            1,
            1,
            1,
            1,
            1,
            1,
            1,
            1,
            1,
            1,
            1
        ],
        [
            1,
            1,
            1,
            1,
            1,
            1,
            1,
            1,
            1,
            1,
            1
        ],
        [
            0,
            0,
            0,
            0,
            0,
            0,
            0,
            0,
            0,
            0,
            0
        ]
    ],
    "lJ": [
        [
            0.0,
            0.0,
            0.0,
            0.0,
            2044.9539999997771,
            8637.791702999795,
            22887.66521441386,
            38213.13239441676,
            48274.27740181201,
            51539.0,
            0.0
        ],
        [
            0.0,
            0.0,
            0.0,
            0.0,
            3359.473000000238,
            7864.476946877028,
            15211.847845506138,
            19374.04464385952,
            22946.694363696726,
            21338.008234770496,
            0.0
        ],
        [
            0.0,
            0.0,
            0.0,
            0.0,
            0.0,
            0.0,
            0.0,
            0.0,
            0.0,
            0.0,
            0.0
        ]
    ],
    "eI_t0": [
        13474.0,
        40905.0,
        24638.0
    ],
    "eJ_t0": [
        0.0,
        0.0,
        0.0
    ],
    "cost_t0": {
        "Fixed": 850752.0,
        "Relief Inventory": 0.0,
        "Evacuee Inventory": 0.0,
        "Penalty": 0.0,
        "Emergency": 0.0,
        "Relief Purchase": 0.0,
        "Relief Transportation": 0.0,
        "Evacuee Transportation": 0.0,
        "Relief Dumping": 0.0
    }
}