{
    "ub": 13279207.532277739,
    "num_cuts": 10259,
    "comp_time": 32.446061849594116,
    "obj": 13279184.737893013,
    "MIP_gap": 0.0,
    "num_nodes": 196.0,
    "zJ": [
        [
            1,
            1,
            1,
            1,
            1,
            1,
            1,
            1,
            1,
            1,
            1
        ],
        [
            1,
            1,
            1,
            1,
            1,
            1,
            1,
            1,
            1,
            1,
            1
        ],
        [
            0,
            0,
            0,
            0,
            0,
            0,
            0,
            0,
            0,
            0,
            0
        ]
    ],
    "lJ": [
        [
            0.0,
            0.5114882720286106,
            0.0,
            8.714019783528926e-11,
            1.3486837011881516,
            9160.499033207838,
            24277.028679731866,
            41326.75652515342,
            49556.70653586544,
            51279.44794891531,
            0.0
        ],
        [
            0.0,
            0.0,
            1.0728378577279043,
            1.3547369658236839,
            0.4769667910859466,
            1011.0269667921682,
            2514.213354791819,
            5615.179932783477,
            7735.6057257350285,
            1011.0269667923684,
            0.0
        ],
        [
            0.0,
            0.0,
            0.0,
            0.0,
            0.0,
            0.0,
            0.0,
            0.0,
            0.0,
            0.0,
            0.0
        ]
    ],
    "eI_t0": [
        13474.0,
        40905.0,
        24638.0
    ],
    "eJ_t0": [
        0.0,
        0.0,
        0.0
    ],
    "cost_t0": {
        "Fixed": 850752.0,
        "Relief Inventory": 0.0,
        "Evacuee Inventory": 0.0,
        "Penalty": 0.0,
        "Emergency": 0.0,
        "Relief Purchase": 0.0,
        "Relief Transportation": 0.0,
        "Evacuee Transportation": 0.0,
        "Relief Dumping": 0.0
    }
}