{
    "ub": 2347647.7876296337,
    "num_cuts": 5584,
    "comp_time": 33.6426682472229,
    "gap": 0.0008255881517044522,
    "lb": 2345709.5974317915,
    "num_itr": 57,
    "zJ": [
        [
            0,
            0,
            0,
            0,
            0,
            0,
            0,
            0,
            0,
            0,
            0
        ],
        [
            1,
            1,
            1,
            1,
            1,
            1,
            1,
            1,
            1,
            1,
            1
        ],
        [
            1,
            1,
            1,
            1,
            1,
            1,
            1,
            1,
            1,
            1,
            1
        ]
    ],
    "lJ": [
        [
            0.0,
            0.0,
            0.0,
            0.0,
            0.0,
            0.0,
            0.0,
            0.0,
            0.0,
            0.0,
            0.0
        ],
        [
            0.0,
            254.95305890751243,
            0.0,
            0.0,
            4265.531822761513,
            9791.801094222306,
            18248.120018102214,
            24561.986663075044,
            29355.26464165136,
            29476.36115235616,
            0.0
        ],
        [
            0.0,
            0.0,
            607.6388551782958,
            480.85770271223964,
            1138.895177238485,
            6439.431434559938,
            20195.97715032273,
            26646.897808359914,
            37277.18594300352,
            38113.0,
            0.0
        ]
    ],
    "eI_t0": [
        13474.0,
        40905.0,
        24638.0
    ],
    "eJ_t0": [
        0.0,
        0.0,
        0.0
    ],
    "cost_t0": {
        "Fixed": 709779.0,
        "Relief Inventory": 0.0,
        "Evacuee Inventory": 0.0,
        "Penalty": 0.0,
        "Emergency": 0.0,
        "Relief Purchase": 0.0,
        "Relief Transportation": 0.0,
        "Evacuee Transportation": 0.0,
        "Relief Dumping": 0.0
    }
}