{
    "obj": 15330124.206267886,
    "gap": 0.0,
    "comp_time": 145.05138230323792,
    "n_cuts_optimality": 3806,
    "n_cuts_feasibility": 14183,
    "xhat": {
        "lJ": {
            "(0, 0)": 0.0,
            "(0, 1)": 0.0,
            "(0, 2)": 0.0,
            "(0, 3)": 0.0,
            "(0, 4)": 0.0,
            "(0, 5)": 0.0,
            "(0, 6)": 0.0,
            "(0, 7)": 0.0,
            "(0, 8)": 0.0,
            "(0, 9)": 0.0,
            "(0, 10)": 0.0,
            "(1, 0)": 0.0,
            "(1, 1)": 0.0,
            "(1, 2)": 0.0,
            "(1, 3)": 0.0,
            "(1, 4)": 0.0,
            "(1, 5)": 0.0,
            "(1, 6)": 0.0,
            "(1, 7)": 0.0,
            "(1, 8)": 0.0,
            "(1, 9)": 13480.849137480414,
            "(1, 10)": 0.0,
            "(2, 0)": 0.0,
            "(2, 1)": 0.0,
            "(2, 2)": 0.0,
            "(2, 3)": 0.0,
            "(2, 4)": 0.0,
            "(2, 5)": 0.0,
            "(2, 6)": 0.0,
            "(2, 7)": 0.0,
            "(2, 8)": 4237.471541461779,
            "(2, 9)": 20556.582157840505,
            "(2, 10)": 0.0
        },
        "zJ": {
            "0": 0.0,
            "1": 1.0,
            "2": 1.0
        },
        "x0J": {
            "0": 0.0,
            "1": 0.0,
            "2": 0.0
        },
        "eI": {
            "0": 13474.0,
            "1": 40905.0,
            "2": 24638.0
        },
        "eJ": {
            "0": 0.0,
            "1": 0.0,
            "2": 0.0
        },
        "theta": {
            "0": 15264713.355118392,
            "1": 20044172.135170117,
            "2": 10826189.0005018,
            "3": 1779691.8544996649,
            "4": 18653905.82729033,
            "5": 20753404.431345496,
            "6": 156862.3464489272,
            "7": 9448449.78529785,
            "8": 16961874.237625286,
            "9": 24833957.31517645,
            "10": 25000044.84246663,
            "11": 156862.3464489272,
            "12": 19185343.018114354,
            "13": 5642767.913063076,
            "14": 17186570.665962018,
            "15": 18542173.455739718,
            "16": 5127361.498357957,
            "17": 22265914.208528567,
            "18": 17850558.470261384,
            "19": 22820948.901242457,
            "20": 10569252.521689909,
            "21": 21775800.420113593,
            "22": 9906998.606759101,
            "23": 16169395.974485045,
            "24": 1290044.626783234,
            "25": 156862.3464489272,
            "26": 17357826.652698506,
            "27": 10322052.427296218,
            "28": 8082613.095441126,
            "29": 12987426.409266507,
            "30": 3522203.7321369397,
            "31": 10067020.898501676,
            "32": 14207743.655226821,
            "33": 11675682.086766513,
            "34": 24115399.96478914,
            "35": 9892854.086346434,
            "36": 13089786.066851243,
            "37": 18186649.986582585,
            "38": 22332793.51779058,
            "39": 18096665.91052829,
            "40": 25797374.01421698,
            "41": 22625078.327218644,
            "42": 20674646.343358606,
            "43": 15897897.754128776,
            "44": 3522240.5323716705,
            "45": 11435732.8233274,
            "46": 9146729.876609474,
            "47": 9706672.444319097,
            "48": 19737156.873719383,
            "49": 23753400.284862578,
            "50": 18209896.25478249,
            "51": 19810308.02019976,
            "52": 10843452.65104274,
            "53": 22919160.656697363,
            "54": 14551432.831663715,
            "55": 20135058.20211815,
            "56": 14100688.922524476,
            "57": 16762473.389363518,
            "58": 16538853.152456935,
            "59": 14718963.568788087,
            "60": 22755794.302377384,
            "61": 19870830.23439531,
            "62": 16690954.17096108,
            "63": 16615348.09370896,
            "64": 14359136.36341832,
            "65": 6944796.719142364,
            "66": 19266220.644333567,
            "67": 18394808.300530504,
            "68": 19626849.544606917,
            "69": 13126652.196840134,
            "70": 20165804.302507047,
            "71": 11649727.634889865,
            "72": 8028739.462280901,
            "73": 11031989.168989677,
            "74": 5240460.860031615,
            "75": 24401929.448180765,
            "76": 19687289.377215996,
            "77": 15964673.546994986,
            "78": 12375665.777974002,
            "79": 15782840.750596927,
            "80": 9503311.432843857,
            "81": 14444192.530339884,
            "82": 10220910.571391143,
            "83": 20003640.477519162,
            "84": 10424692.468454743,
            "85": 17108614.490329046,
            "86": 18496226.74625088,
            "87": 7494547.594362869,
            "88": 8335562.6505457675,
            "89": 15726457.002959536,
            "90": 156862.3464489272,
            "91": 16962060.50235282,
            "92": 7124555.00294236,
            "93": 19343760.917663585,
            "94": 15222758.55782199,
            "95": 18045632.154260345,
            "96": 19523250.499158442,
            "97": 11191610.2824943,
            "98": 12779937.77956659,
            "99": 18837625.05833471
        },
        "alpha": {
            "(0, 0, 0)": 0.0,
            "(0, 0, 1)": 0.0,
            "(0, 0, 2)": 0.0,
            "(0, 1, 0)": 0.0,
            "(0, 1, 1)": 0.0,
            "(0, 1, 2)": 0.0,
            "(0, 2, 0)": 0.0,
            "(0, 2, 1)": 0.0,
            "(0, 2, 2)": 0.0,
            "(0, 3, 0)": 0.0,
            "(0, 3, 1)": 0.0,
            "(0, 3, 2)": 0.0,
            "(0, 4, 0)": 0.0,
            "(0, 4, 1)": 0.0,
            "(0, 4, 2)": 0.0,
            "(0, 5, 0)": 0.0,
            "(0, 5, 1)": 0.0,
            "(0, 5, 2)": 0.0,
            "(0, 6, 0)": 0.0,
            "(0, 6, 1)": 0.0,
            "(0, 6, 2)": 0.0,
            "(0, 7, 0)": 0.0,
            "(0, 7, 1)": 0.0,
            "(0, 7, 2)": 0.0,
            "(0, 8, 0)": 0.0,
            "(0, 8, 1)": 0.0,
            "(0, 8, 2)": 0.0,
            "(0, 9, 0)": 0.0,
            "(0, 9, 1)": 0.0,
            "(0, 9, 2)": 0.0,
            "(0, 10, 0)": 0.0,
            "(0, 10, 1)": 0.0,
            "(0, 10, 2)": 0.0,
            "(1, 0, 0)": 0.0,
            "(1, 0, 1)": 0.0,
            "(1, 0, 2)": 0.0,
            "(1, 1, 0)": 0.0,
            "(1, 1, 1)": 0.0,
            "(1, 1, 2)": 0.0,
            "(1, 2, 0)": 0.0,
            "(1, 2, 1)": 0.0,
            "(1, 2, 2)": 0.0,
            "(1, 3, 0)": 0.0,
            "(1, 3, 1)": 0.0,
            "(1, 3, 2)": 0.0,
            "(1, 4, 0)": 0.0,
            "(1, 4, 1)": 0.0,
            "(1, 4, 2)": 0.0,
            "(1, 5, 0)": 0.0,
            "(1, 5, 1)": 0.0,
            "(1, 5, 2)": 0.0,
            "(1, 6, 0)": 0.0,
            "(1, 6, 1)": 0.0,
            "(1, 6, 2)": 0.0,
            "(1, 7, 0)": 0.0,
            "(1, 7, 1)": 0.0,
            "(1, 7, 2)": 0.0,
            "(1, 8, 0)": 0.0,
            "(1, 8, 1)": 0.0,
            "(1, 8, 2)": 0.0,
            "(1, 9, 0)": -299440.6340536834,
            "(1, 9, 1)": 527241.2508304119,
            "(1, 9, 2)": -227800.61677672854,
            "(1, 10, 0)": -47197.885351940575,
            "(1, 10, 1)": 117223.88946511905,
            "(1, 10, 2)": -31563.072042420274,
            "(2, 0, 0)": 0.0,
            "(2, 0, 1)": 0.0,
            "(2, 0, 2)": 0.0,
            "(2, 1, 0)": 0.0,
            "(2, 1, 1)": 0.0,
            "(2, 1, 2)": 0.0,
            "(2, 2, 0)": 0.0,
            "(2, 2, 1)": 0.0,
            "(2, 2, 2)": 0.0,
            "(2, 3, 0)": 0.0,
            "(2, 3, 1)": 0.0,
            "(2, 3, 2)": 0.0,
            "(2, 4, 0)": 0.0,
            "(2, 4, 1)": 0.0,
            "(2, 4, 2)": 0.0,
            "(2, 5, 0)": 0.0,
            "(2, 5, 1)": 0.0,
            "(2, 5, 2)": 0.0,
            "(2, 6, 0)": 0.0,
            "(2, 6, 1)": 0.0,