{
    "obj": 4820741.146065652,
    "gap": 0.0,
    "comp_time": 104.13931035995483,
    "n_cuts_optimality": 5161,
    "n_cuts_feasibility": 9507,
    "xhat": {
        "lJ": {
            "(0, 0)": 0.0,
            "(0, 1)": 0.0,
            "(0, 2)": 0.0,
            "(0, 3)": 0.0,
            "(0, 4)": 2334.6364395082373,
            "(0, 5)": 10862.255952002313,
            "(0, 6)": 16527.569983127218,
            "(0, 7)": 29386.03645957032,
            "(0, 8)": 38015.83027664123,
            "(0, 9)": 38023.91003715757,
            "(0, 10)": 0.0,
            "(1, 0)": 0.0,
            "(1, 1)": 0.0,
            "(1, 2)": 0.0,
            "(1, 3)": 0.0,
            "(1, 4)": 3064.306880805037,
            "(1, 5)": 4521.225353221592,
            "(1, 6)": 13757.798260550018,
            "(1, 7)": 19245.05136801564,
            "(1, 8)": 18549.337974380516,
            "(1, 9)": 12329.272033253252,
            "(1, 10)": 0.0,
            "(2, 0)": 0.0,
            "(2, 1)": 0.0,
            "(2, 2)": 0.0,
            "(2, 3)": 0.0,
            "(2, 4)": 0.0,
            "(2, 5)": 0.0,
            "(2, 6)": 0.0,
            "(2, 7)": 0.0,
            "(2, 8)": 0.0,
            "(2, 9)": 0.0,
            "(2, 10)": 0.0
        },
        "zJ": {
            "0": 1.0,
            "1": 1.0,
            "2": 0.0
        },
        "x0J": {
            "0": 0.0,
            "1": 0.0,
            "2": 0.0
        },
        "eI": {
            "0": 13474.0,
            "1": 40905.0,
            "2": 24638.0
        },
        "eJ": {
            "0": 0.0,
            "1": 0.0,
            "2": 0.0
        },
        "theta": {
            "0": 5149462.8810736025,
            "1": 4903306.958710042,
            "2": 4763475.532791912,
            "3": 531013.401608033,
            "4": 5253178.134298887,
            "5": 6415168.543806181,
            "6": 261237.92092285393,
            "7": 3015572.0552997757,
            "8": 4156968.250030935,
            "9": 3351625.802653311,
            "10": 245829.12400499737,
            "11": 261237.92092285393,
            "12": 2636036.1918150987,
            "13": 3095184.6765066735,
            "14": 6974158.117345362,
            "15": 5454093.169461569,
            "16": 1062622.684894549,
            "17": 3712400.0944164474,
            "18": 5066032.147672981,
            "19": 3751233.5849295896,
            "20": 2811401.9432041612,
            "21": 6200121.605390793,
            "22": 5998223.470860828,
            "23": 4304817.362421893,
            "24": 406775.99558375904,
            "25": 261237.92092285393,
            "26": 3401958.3981249803,
            "27": 3885827.7345730173,
            "28": 2365661.6704871166,
            "29": 7168911.123212083,
            "30": 1253132.698146388,
            "31": 2661906.436954705,
            "32": 6068746.997758524,
            "33": 3685175.5261539505,
            "34": 2026187.2527426376,
            "35": 4329475.673414263,
            "36": 4518651.85207592,
            "37": 4339040.910255393,
            "38": 3788101.92707858,
            "39": 6903858.52940733,
            "40": 4203651.348489145,
            "41": 4202895.765388846,
            "42": 3724425.6198385223,
            "43": 4364069.989006232,
            "44": 1253143.8903139525,
            "45": 3550237.5074587693,
            "46": 750211.1470085034,
            "47": 3082771.393061381,
            "48": 4294710.9130339315,
            "49": 4159817.1233614455,
            "50": 3854567.3219414186,
            "51": 4253764.07054668,
            "52": 4120578.221578644,
            "53": 3860163.2092902744,
            "54": 3539961.6693174457,
            "55": 4773822.247316239,
            "56": 7384672.279701659,
            "57": 5989723.185829084,
            "58": 1755922.2335332239,
            "59": 3919093.4365656786,
            "60": 3743758.0499206157,
            "61": 4590485.495394563,
            "62": 3830457.3454398424,
            "63": 5891157.128911611,
            "64": 5466258.3991680145,
            "65": 2087604.797891943,
            "66": 4386505.0266769985,
            "67": 4795669.9299575575,
            "68": 4632100.761449627,
            "69": 4868312.854525589,
            "70": 3505472.2155490555,
            "71": 2956468.4457582203,
            "72": 2229191.364615565,
            "73": 3639500.7509889663,
            "74": 3232901.536225555,
            "75": 6649327.863581368,
            "76": 3681277.4886571686,
            "77": 3061073.802444487,
            "78": 4006493.803050135,
            "79": 4438728.230208821,
            "80": 1480402.6739627733,
            "81": 5576695.5992547525,
            "82": 1732216.9226615005,
            "83": 5964940.071215524,
            "84": 3440307.808809686,
            "85": 4981802.640676215,
            "86": 5017691.5222415775,
            "87": 2239722.3827814804,
            "88": 3618789.0978655005,
            "89": 4016852.821054156,
            "90": 261237.92092285393,
            "91": 6067877.446298448,
            "92": 3375792.006856183,
            "93": 4258837.517645631,
            "94": 4301206.103781812,
            "95": 5364227.29219425,
            "96": 3878528.706246778,
            "97": 5592496.371019299,
            "98": 5593159.9939114945,
            "99": 4735268.071322046
        },
        "alpha": {
            "(0, 0, 0)": 0.0,
            "(0, 0, 1)": 0.0,
            "(0, 0, 2)": 0.0,
            "(0, 1, 0)": 0.0,
            "(0, 1, 1)": 0.0,
            "(0, 1, 2)": 0.0,
            "(0, 2, 0)": 0.0,
            "(0, 2, 1)": 0.0,
            "(0, 2, 2)": 0.0,
            "(0, 3, 0)": 0.0,
            "(0, 3, 1)": 0.0,
            "(0, 3, 2)": 0.0,
            "(0, 4, 0)": 0.0,
            "(0, 4, 1)": 0.0,
            "(0, 4, 2)": 0.0,
            "(0, 5, 0)": 13474.0,
            "(0, 5, 1)": 0.0,
            "(0, 5, 2)": 0.0,
            "(0, 6, 0)": 13450.334295830266,
            "(0, 6, 1)": -547.4560079172755,
            "(0, 6, 2)": 0.0,
            "(0, 7, 0)": 10060.912448610678,
            "(0, 7, 1)": 1435.6865888425223,
            "(0, 7, 2)": -470.43304868511757,
            "(0, 8, 0)": -3326.8891030215423,
            "(0, 8, 1)": 11543.446997998728,
            "(0, 8, 2)": -910.1978433239796,
            "(0, 9, 0)": -18163.483969496367,
            "(0, 9, 1)": 21762.586175883884,
            "(0, 9, 2)": -1337.8537415288072,
            "(0, 10, 0)": 8002.007150427165,
            "(0, 10, 1)": -19570.379394495198,
            "(0, 10, 2)": 12913.09986386169,
            "(1, 0, 0)": 0.0,
            "(1, 0, 1)": 0.0,
            "(1, 0, 2)": 0.0,
            "(1, 1, 0)": 0.0,
            "(1, 1, 1)": 0.0,
            "(1, 1, 2)": 0.0,
            "(1, 2, 0)": 0.0,
            "(1, 2, 1)": 0.0,
            "(1, 2, 2)": 0.0,
            "(1, 3, 0)": 0.0,
            "(1, 3, 1)": 0.0,
            "(1, 3, 2)": 0.0,
            "(1, 4, 0)": 0.0,
            "(1, 4, 1)": 0.0,
            "(1, 4, 2)": 0.0,
            "(1, 5, 0)": 0.0,
            "(1, 5, 1)": 40905.0,
            "(1, 5, 2)": 0.0,
            "(1, 6, 0)": 3081.282288331682,
            "(1, 6, 1)": 35758.16116762399,
            "(1, 6, 2)": 0.0,
            "(1, 7, 0)": -2986.1734132391857,
            "(1, 7, 1)": 37564.889043116804,
            "(1, 7, 2)": -2480.6363575204664,
            "(1, 8, 0)": -53541.92258365895,
            "(1, 8, 1)": 83146.4511161728,
            "(1, 8, 2)": -10872.44406846135,
            "(1, 9, 0)": -50582.939854887925,
            "(1, 9, 1)": 60863.22503010998,
            "(1, 9, 2)": -4039.9280950197017,
            "(1, 10, 0)": 22332.488230099054,
            "(1, 10, 1)": -52553.172866580426,
            "(1, 10, 2)": 33466.97292273794,
            "(2, 0, 0)": 0.0,
            "(2, 0, 1)": 0.0,
            "(2, 0, 2)": 0.0,
            "(2, 1, 0)": 0.0,
            "(2, 1, 1)": 0.0,