{
    "ub": 2044565.645627446,
    "num_cuts": 8543,
    "comp_time": 110.88675332069397,
    "obj": 2044565.1506551732,
    "MIP_gap": 0.0,
    "num_nodes": 123.0,
    "zJ": [
        [
            1,
            1,
            1,
            1,
            1,
            1,
            1,
            1,
            1,
            1,
            1
        ],
        [
            1,
            1,
            1,
            1,
            1,
            1,
            1,
            1,
            1,
            1,
            1
        ],
        [
            0,
            0,
            0,
            0,
            0,
            0,
            0,
            0,
            0,
            0,
            0
        ]
    ],
    "lJ": [
        [
            0.0,
            0.0,
            0.0,
            0.0,
            2338.6255156098373,
            9528.320811702584,
            22736.75869555872,
            36529.52946350455,
            46130.31759935093,
            51538.537424201546,
            0.0
        ],
        [
            0.0,
            0.0,
            0.0,
            0.0,
            2910.862120317801,
            4822.908321373763,
            6530.209915916763,
            11809.89210542284,
            15207.099007833529,
            11809.892105422767,
            0.0
        ],
        [
            0.0,
            0.0,
            0.0,
            0.0,
            0.0,
            0.0,
            0.0,
            0.0,
            0.0,
            0.0,
            0.0
        ]
    ],
    "eI_t0": [
        13474.0,
        40905.0,
        24638.0
    ],
    "eJ_t0": [
        0.0,
        0.0,
        0.0
    ],
    "cost_t0": {
        "Fixed": 850752.0,
        "Relief Inventory": 0.0,
        "Evacuee Inventory": 0.0,
        "Penalty": 0.0,
        "Emergency": 0.0,
        "Relief Purchase": 0.0,
        "Relief Transportation": 0.0,
        "Evacuee Transportation": 0.0,
        "Relief Dumping": 0.0
    }
}