{
    "ub": 2822774.171104212,
    "num_cuts": 10087,
    "comp_time": 30.690337896347046,
    "obj": 2822773.8165175016,
    "MIP_gap": 0.0,
    "num_nodes": 127.0,
    "zJ": [
        [
            1,
            1,
            1,
            1,
            1,
            1,
            1,
            1,
            1,
            1,
            1
        ],
        [
            1,
            1,
            1,
            1,
            1,
            1,
            1,
            1,
            1,
            1,
            1
        ],
        [
            0,
            0,
            0,
            0,
            0,
            0,
            0,
            0,
            0,
            0,
            0
        ]
    ],
    "lJ": [
        [
            0.0,
            0.0,
            0,
            0.0,
            3248.786000000634,
            12457.736096000854,
            27927.834127490507,
            40738.75878228509,
            49712.545116587724,
            51539.0,
            0.0
        ],
        [
            0.0,
            0.0,
            0.0,
            0.0,
            3359.4729999993788,
            10139.79568499913,
            16347.278767519478,
            20231.502780411607,
            23370.654070292,
            21552.586200808117,
            0.0
        ],
        [
            0.0,
            0.0,
            0.0,
            0.0,
            0.0,
            0.0,
            0.0,
            0.0,
            0.0,
            0.0,
            0.0
        ]
    ],
    "eI_t0": [
        13474.0,
        40905.0,
        24638.0
    ],
    "eJ_t0": [
        0.0,
        0.0,
        0.0
    ],
    "cost_t0": {
        "Fixed": 850752.0,
        "Relief Inventory": 0.0,
        "Evacuee Inventory": 0.0,
        "Penalty": 0.0,
        "Emergency": 0.0,
        "Relief Purchase": 0.0,
        "Relief Transportation": 0.0,
        "Evacuee Transportation": 0.0,
        "Relief Dumping": 0.0
    }
}