{
    "ub": 2823600.283847045,
    "num_cuts": 6885,
    "comp_time": 50.47629141807556,
    "gap": 0.00039650650938907885,
    "lb": 2822480.707954587,
    "num_itr": 70,
    "zJ": [
        [
            1,
            1,
            1,
            1,
            1,
            1,
            1,
            1,
            1,
            1,
            1
        ],
        [
            1,
            1,
            1,
            1,
            1,
            1,
            1,
            1,
            1,
            1,
            1
        ],
        [
            0,
            0,
            0,
            0,
            0,
            0,
            0,
            0,
            0,
            0,
            0
        ]
    ],
    "lJ": [
        [
            0.0,
            0.20515217510137435,
            0.0,
            0.0,
            5049.494289461595,
            13104.832920368044,
            29283.70043126967,
            40607.27715162237,
            49564.00612093996,
            51539.0,
            0.0
        ],
        [
            0.0,
            0.0,
            0.0,
            52.58773788340843,
            2472.1191768122158,
            8809.313191121797,
            14392.912229586558,
            20603.183592818674,
            23098.05295597907,
            21552.53822515861,
            0.0
        ],
        [
            0.0,
            0.0,
            0.0,
            0.0,
            0.0,
            0.0,
            0.0,
            0.0,
            0.0,
            0.0,
            0.0
        ]
    ],
    "eI_t0": [
        13474.0,
        40905.0,
        24638.0
    ],
    "eJ_t0": [
        0.0,
        0.0,
        0.0
    ],
    "cost_t0": {
        "Fixed": 850752.0,
        "Relief Inventory": 0.0,
        "Evacuee Inventory": 0.0,
        "Penalty": 0.0,
        "Emergency": 0.0,
        "Relief Purchase": 0.0,
        "Relief Transportation": 0.0,
        "Evacuee Transportation": 0.0,
        "Relief Dumping": 0.0
    }
}