{
    "0": {
        "rh_cost": 1688040.236605031,
        "comp_time": 149.23435878753662,
        "lj": [
            [
                0.0,
                0.0,
                0.0,
                0.0,
                2786.7423007221537,
                7700.02797240404,
                16281.39551372784,
                29829.015567791485,
                37274.1404114676,
                42619.12932014638
            ],
            [
                0.0,
                0.0,
                0.0,
                0.0,
                1157.8666725791738,
                2571.4448722970224,
                4126.733221293086,
                7976.061012408627,
                5394.191128096294,
                3084.0557099077982
            ],
            [
                0.0,
                0.0,
                0.0,
                0.0,
                0.0,
                0.0,
                0.0,
                0.0,
                0.0,
                0.0
            ]
        ]
    },
    "1": {
        "rh_cost": 2164955.2326809717,
        "comp_time": 187.54192519187927,
        "lj": [
            [
                0.0,
                0.0,
                0.0,
                0.0,
                2056.808250268238,
                6759.783788579385,
                20276.608587733306,
                33283.11228998119,
                44895.373537811,
                51539.0
            ],
            [
                0.0,
                0.0,
                0.0,
                0.0,
                1964.0606980162518,
                7889.555305485714,
                6481.979687033232,
                11884.239901139841,
                15003.213626014167,
                16587.15646520368
            ],
            [
                0.0,
                0.0,
                0.0,
                0.0,
                0.0,
                0.0,
                0.0,
                0.0,
                0.0,
                0.0
            ]
        ]
    }
}