{
    "comp_time": 121.56313443183899,
    "num_paths": 323,
    "num_cuts": 110249,
    "ub_avg": 2234236.5284721307,
    "ub_sd": 858055.3294111147,
    "ub_quantiles": [
        718928.3754998945,
        1627256.146080674,
        2209696.3933064267,
        2659743.741982081,
        5962814.134151921
    ],
    "lb": 2229507.4956649006,
    "lb_change_rate": 0.0009800721694650189,
    "lb_list": [
        340618.0,
        481591.0,
        562522.5512550197,
        650210.5,
        718102.1525038882,
        733483.5612297065,
        751664.6212361738,
        873703.6114458017,
        873703.6114458017,
        873703.6114458016,
        889822.8007087979,
        936081.1359077815,
        964322.6020174013,
        1059171.159576654,
        1105753.7710308426,
        1258335.0079725878,
        1272659.4182754783,
        1338126.5593743522,
        1340586.1519309124,
        1480534.410122507,
        1743566.1364710317,
        1837601.8774016653,
        1839919.8278859986,
        1840361.3440932538,
        1842193.8619079115,
        1844022.6430653608,
        1848274.8917597006,
        1859660.3469188958,
        1873058.8784636767,
        1877937.5478105547,
        1887625.1826691069,
        2017273.6733869642,
        2017752.5452319079,
        2024285.5673131822,
        2105708.2325163987,
        2107828.1805498647,
        2111338.6524924003,
        2111976.355062451,
        2114334.232697183,
        2121489.395585127,
        2125903.8289280916,
        2128521.116155471,
        2129099.829297453,
        2135332.6108485516,
        2137458.849437399,
        2138646.22494583,
        2138969.605789687,
        2139540.295377625,
        2141999.004985067,
        2143500.3013893412,
        2143449.6797229205,
        2143673.3458392667,
        2144182.8969746293,
        2145090.3238270376,
        2146479.419416717,
        2154415.9968076814,
        2171509.2096142867,
        2171642.9829637604,
        2172423.6167241577,
        2172217.0212777546,
        2172646.798629005,
        2173224.721027782,
        2175240.972751814,
        2178883.111078523,
        2184414.277220877,
        2185661.122530006,
        2185911.3259713002,
        2186071.4248423306,
        2188848.46234628,
        2188990.1761732395,
        2189238.155634989,
        2189642.491101229,
        2190906.523883985,
        2190915.848921558,
        2194461.675370504,
        2195908.123425709,
        2198357.6333721536,
        2198593.8453925564,
        2199906.310702189,
        2201147.173189516,
        2202713.0004383456,
        2203301.0222138828,
        2204109.553445182,
        2204650.2223733896,
        2205211.409164901,
        2205556.0297624925,
        2205666.956390734,
        2207772.9489558144,
        2208384.1530595506,
        2209128.0528217983,
        2209496.955619037,
        2209529.4598701196,
        2211000.4558470156,
        2211433.0802912153,
        2211665.134580951,
        2212099.8091209424,
        2212306.607799416,
        2212438.8434093646,
        2212495.696580831,
        2212963.577519099,
        2213204.3767900537,
        2213404.9040134703,
        2213908.7093293085,
        2214322.9802316483,
        2214382.6729889894,
        2214475.121746052,
        2214866.1643055263,
        2215067.4222436384,
        2215262.7229879117,
        2215341.9726481307,
        2215646.2662915243,
        2215795.1043856777,
        2216071.059387082,
        2216179.4822809706,
        2216179.4822809706,
        2216403.218269696,
        2216460.232374607,
        2217042.466607513,
        2217063.0937944036,
        2217099.6143008135,
        2217110.484414436,
        2217237.9010219383,
        2217271.6289903857,
        2217298.097255053,
        2217393.539571179,
        2217478.2265130794,
        2217532.9254684756,
        2218387.232963336,
        2218582.210849016,
        2218605.881780383,
        2218844.2508887057,
        2218988.559647848,
        2219070.531824014,
        2219133.052783398,
        2219912.7052685516,
        2220013.6636437457,
        2220085.560307877,
        2220241.095585397,
        2220241.095585397,
        2220261.9367882404,
        2220461.897941124,
        2220567.597966737,
        2220784.631257856,
        2221374.6445825617,
        2221374.6445825617,
        2221511.9314265894,
        2222058.6686458355,
        2222198.8349494636,
        2222198.8349494636,
        2222219.3471951317,
        2222338.018628658,
        2222520.6359902807,
        2222576.571281976,
        2222576.571281976,
        2222641.914320501,
        2222662.744410078,
        2222686.888480973,
        2222686.888480973,
        2222940.712547619,
        2223024.854403696,
        2223171.833845289,
        2223224.7533885157,
        2223320.972869572,
        2223357.2778861104,
        2223467.50888086,
        2223494.1512773745,
        2223815.2703110185,
        2223815.2703110185,
        2223861.0923169246,
        2224026.736949762,
        2224026.736949762,
        2224166.678783338,
        2224166.678783338,
        2224210.302102832,
        2224254.458959274,
        2224320.3990254477,
        2224364.6846738793,
        2224384.6918759625,
        2224419.690511044,
        2224453.5917653544,
        2224482.3634797023,
        2224540.963656807,
        2224540.963656807,
        2224540.963656807,
        2224622.3975405097,
        2224622.3975405097,
        2224697.5631410917,
        2224708.5093759526,
        2224781.2271247935,
        2224951.3925021086,
        2225036.832540861,
        2225036.832540861,
        2225059.240268659,
        2225079.192565554,
        2225098.367933243,
        2225098.367933243,
        2225182.850256247,
        2225641.039730059,
        2225976.3367047086,
        2225976.3367047086,
        2226137.082568427,
        2226137.082568427,
        2226161.806699073,
        2226204.143511965,
        2226204.143511965,
        2226243.9985657567,
        2226339.689215894,
        2226370.7626443403,
        2226476.788336623,
        2226560.963389257,
        2226636.658686829,
        2226673.9699163744,
        2226744.4817870623,
        2226811.692405194,
        2226811.692405194,
        2226862.7057768493,
        2226927.879323853,
        2227065.593312152,
        2227065.593312152,
        2227091.7826846344,
        2227175.7237607394,
        2227215.2057275954,
        2227215.2057275954,
        2227324.5568543617,
        2227324.5568543617,
        2227327.788562482,
        2227340.9207118787,
        2227361.1391644636,
        2227380.0666146423,
        2227440.2743369746,
        2227456.026851251,
        2227456.026851251,
        2227531.632492911,
        2227531.632492911,
        2227667.465906854,
        2227765.246673486,
        2227806.903113505,
        2227832.710614261,
        2227888.43313889,
        2227964.663283512,
        2227982.3401471847,
        2227982.3401471847,
        2228047.889776041,
        2228100.7957371594,
        2228100.7957371594,
        2228120.2995571545,
        2228120.2995571545,
        2228120.2995571545,
        2228153.1687230263,
        2228153.1687230263,
        2228153.1687230263,
        2228194.7648385926,
        2228194.7648385926,
        2228229.8119407995,
        2228271.3932040753,
        2228271.3932040753,
        2228271.3932040753,
        2228289.670112556,
        2228289.670112556,
        2228326.477784561,
        2228367.8353454974,
        2228410.703096452,
        2228457.4242802835,
        2228457.4242802835,
        2228481.4570983457,
        2228515.7860040087,
        2228515.7860040087,
        2228566.213320702,
        2228611.462060741,
        2228611.462060741,
        2228639.2867570566,
        2228639.2867570566,
        2228639.2867570566,
        2228670.541064973,
        2228670.541064973,
        2228713.099072468,
        2228713.099072468,
