{
    "comp_time": 10.059178113937378,
    "num_paths": 150,
    "num_cuts": 14397,
    "ub_avg": 2231881.403048073,
    "ub_sd": 708319.6386079465,
    "ub_quantiles": [
        799952.0765008401,
        1748205.9756734897,
        2249077.422629933,
        2666065.689866758,
        4707514.227436212
    ],
    "lb": 2201098.191993663,
    "lb_change_rate": 0.023136604798956985,
    "lb_list": [
        481591.0,
        650210.5,
        650210.5,
        710576.2769808983,
        735474.3774220735,
        791183.5,
        791183.5,
        814121.9879344379,
        815088.7266952075,
        871346.2479806737,
        889658.2279369156,
        977519.4012421658,
        980994.1070072006,
        1006755.2264719519,
        1084980.009021081,
        1516732.822713964,
        1761279.1829930707,
        1781221.062450718,
        1882405.0688050748,
        1971451.7131408206,
        1973962.1536847209,
        1974733.936641816,
        2037753.9561223013,
        2051362.1815744443,
        2062691.5253239772,
        2063186.5141705205,
        2082862.753172672,
        2083266.3359542957,
        2083894.8841201754,
        2084256.4447169446,
        2085251.7160979174,
        2089576.360451794,
        2092110.5246401366,
        2093373.7314343115,
        2095460.645106607,
        2095648.7356366634,
        2107426.5381740322,
        2111532.6616089633,
        2116950.7426280873,
        2117832.320793391,
        2119592.1623127656,
        2121119.987234337,
        2130986.249409125,
        2131035.720688519,
        2131303.4355049897,
        2135107.6913844235,
        2142463.4593819007,
        2146057.6227250914,
        2149412.6221329044,
        2149795.4390465207,
        2151323.8620039127,
        2152171.137036858,
        2162379.4322563503,
        2162526.2890190477,
        2162905.926206339,
        2163460.7966873096,
        2165282.1980721825,
        2167190.16328826,
        2177871.0228536744,
        2178721.4762768997,
        2178830.6083697556,
        2179056.837571469,
        2180267.11798759,
        2180377.0966815054,
        2180724.5602210024,
        2183368.496570819,
        2183452.8046333464,
        2185839.999236556,
        2186007.1648941115,
        2186427.4766796837,
        2187385.1626385152,
        2188127.5266949977,
        2188321.864555804,
        2188356.179053369,
        2189326.188047691,
        2189548.0897807125,
        2190129.7050131895,
        2190585.4908466963,
        2190585.4908466963,
        2190829.796913073,
        2191024.422281133,
        2191024.422281133,
        2191108.4692154583,
        2193434.2901047436,
        2193611.5256318892,
        2193840.3219376467,
        2193864.9097260744,
        2193864.9097260744,
        2193958.304311161,
        2194088.6721169585,
        2194127.6197446124,
        2194249.0671027293,
        2194436.9848084645,
        2194436.9848084645,
        2194523.480347084,
        2196626.7521619126,
        2196690.3086923985,
        2196753.7042903868,
        2196883.8990185084,
        2197046.6082184333,
        2197046.6082184333,
        2197443.6588361314,
        2197443.6588361314,
        2197568.336063548,
        2197881.373593443,
        2197942.477486104,
        2198043.2872021827,
        2198330.959493993,
        2198492.426313322,
        2198544.071354254,
        2198544.071354254,
        2198630.3194014174,
        2198663.8795973565,
        2198713.655585833,
        2198850.158351566,
        2199043.338998371,
        2199078.6051754775,
        2199078.6051754775,
        2199211.2511491124,
        2199391.765931071,
        2199391.765931071,
        2199499.9226307366,
        2199539.8380922503,
        2199602.6176830456,
        2199602.6176830456,
        2199691.067419149,
        2199720.2580073993,
        2199949.6208006726,
        2199949.6208006726,
        2199975.831204105,
        2199975.831204105,
        2200092.8738339366,
        2200239.81578357,
        2200270.2804853246,
        2200300.270847397,
        2200300.270847397,
        2200361.069435833,
        2200486.8962662416,
        2200486.8962662416,
        2200486.8962662416,
        2200543.4416642203,
        2200612.5971462484,
        2200639.501805219,
        2200639.501805219,
        2200639.501805219,
        2200704.0254964856,
        2200998.522621916,
        2201067.7690036753,
        2201067.7690036753,
        2201098.191993663
    ],
    "zJ": [
        0,
        1,
        1
    ]
}