x_diff_fact,y_diff_fact,x_max,study_region_dist
0.7126728510722663,0.7014965483482632,976.8234702600679,569.1614880777536
