{
    "ub": 1307442.2981422557,
    "num_cuts": 251421,
    "comp_time": 7055.763204097748,
    "obj": 1307435.9704683183,
    "MIP_gap": 1.7808187086245656e-16,
    "num_nodes": 5036.0,
    "zJ": [
        [
            0,
            0,
            0,
            0,
            0,
            0,
            0,
            0,
            0,
            0,
            0
        ],
        [
            0,
            0,
            0,
            0,
            0,
            0,
            0,
            0,
            0,
            0,
            0
        ],
        [
            1,
            1,
            1,
            1,
            1,
            1,
            1,
            1,
            1,
            1,
            1
        ],
        [
            1,
            1,
            1,
            1,
            1,
            1,
            1,
            1,
            1,
            1,
            1
        ],
        [
            1,
            1,
            1,
            1,
            1,
            1,
            1,
            1,
            1,
            1,
            1
        ],
        [
            0,
            0,
            0,
            0,
            0,
            0,
            0,
            0,
            0,
            0,
            0
        ],
        [
            1,
            1,
            1,
            1,
            1,
            1,
            1,
            1,
            1,
            1,
            1
        ],
        [
            1,
            1,
            1,
            1,
            1,
            1,
            1,
            1,
            1,
            1,
            1
        ],
        [
            1,
            1,
            1,
            1,
            1,
            1,
            1,
            1,
            1,
            1,
            1
        ],
        [
            0,
            0,
            0,
            0,
            0,
            0,
            0,
            0,
            0,
            0,
            0
        ]
    ],
    "lJ": [
        [
            0.0,
            0.0,
            0.0,
            0.0,
            0.0,
            0.0,
            0.0,
            0.0,
            0.0,
            0.0,
            0.0
        ],
        [
            0.0,
            0.0,
            0.0,
            0.0,
            0.0,
            0.0,
            0.0,
            0.0,
            0.0,
            0.0,
            0.0
        ],
        [
            0.0,
            0.0,
            0.0,
            0.9259126398801167,
            57.363844099739346,
            501.6275415137242,
            1514.483644647892,
            4308.419460937003,
            5939.544692351955,
            5955.2133185130415,
            0.0
        ],
        [
            0.0,
            0.0,
            0.6360203054624286,
            0.4837418973091213,
            0.6878143635765309,
            0.6102353018490714,
            0.7070377678388193,
            1.412400221596521,
            1.8565876227203155,
            1.2728108701457863,
            0.0
        ],
        [
            0.0,
            0.08962874584482017,
            1.1424877557765407,
            0.0,
            0.37591200884036174,
            0.47945566745865037,
            1.7482218701417767,
            0.0,
            0.34913415296347733,
            0.21745435773826113,
            0.0
        ],
        [
            0.0,
            0.0,
            0.0,
            0.0,
            0.0,
            0.0,
            0.0,
            0.0,
            0.0,
            0.0,
            0.0
        ],
        [
            0.0,
            0.0,
            0.0,
            0.0,
            156.9664248608755,
            2708.127441569523,
            4230.341386615572,
            5605.762736703615,
            5606.025388116131,
            5606.475508363183,
            0.0
        ],
        [
            0.0,
            0.13535040155807743,
            0.6579241639366277,
            0.4647073353139026,
            1682.7503746963203,
            5129.074740736148,
            11502.536246743854,
            19758.05262549262,
            26503.39846881304,
            31840.98148025062,
            0.0
        ],
        [
            0.0,
            0.8591792864017247,
            0.0,
            1.4449053816420077,
            0.41656766584525984,
            905.1589325654999,
            2560.9236560622644,
            5319.660645140858,
            7085.527617546634,
            7421.772866993981,
            0.0
        ],
        [
            0.0,
            0.0,
            0.0,
            0.0,
            0.0,
            0.0,
            0.0,
            0.0,
            0.0,
            0.0,
            0.0
        ]
    ],
    "eI_t0": [
        4984.0,
        4179.0,
        30823.0,
        14914.0,
        1466.0,
        2090.0,
        7024.0,
        4439.0,
        2907.0,
        6191.0
    ],
    "eJ_t0": [
        0.0,
        0.0,
        0.0,
        0.0,
        0.0,
        0.0,
        0.0,
        0.0,
        0.0,
        0.0
    ],
    "cost_t0": {
        "Fixed": 163758.0,
        "Relief Inventory": 0.0,
        "Evacuee Inventory": 0.0,
        "Penalty": 0.0,
        "Emergency": 0.0,
        "Relief Purchase": 0.0,
        "Relief Transportation": 0.0,
        "Evacuee Transportation": 0.0,
        "Relief Dumping": 0.0
    }
}