parameters,along,cross,track,intensity
12hr_avg,15.65106888361045,15.608478802992519,15.608478802992519,5.3276955602537
