{
    "along": {
        "mu": -4.522802850356294,
        "sd": 20.362508110792287
    },
    "cross": {
        "mu": 0.5910224438902741,
        "sd": 20.253345998665015
    },
    "track": {
        "mu": 23.54524886877828,
        "sd": 15.594619606924379
    },
    "intensity": {
        "mu": -0.9090909090909091,
        "sd": 7.429597815350885
    }
}