{
    "ub": 10989637.842326416,
    "num_cuts": 182555,
    "comp_time": 5140.362701416016,
    "obj": 10989635.493684847,
    "MIP_gap": 8.715999125943431e-05,
    "num_nodes": 4143.0,
    "zJ": [
        [
            1,
            1,
            1,
            1,
            1,
            1,
            1,
            1,
            1,
            1,
            1
        ],
        [
            0,
            0,
            0,
            0,
            0,
            0,
            0,
            0,
            0,
            0,
            0
        ],
        [
            1,
            1,
            1,
            1,
            1,
            1,
            1,
            1,
            1,
            1,
            1
        ],
        [
            1,
            1,
            1,
            1,
            1,
            1,
            1,
            1,
            1,
            1,
            1
        ],
        [
            1,
            1,
            1,
            1,
            1,
            1,
            1,
            1,
            1,
            1,
            1
        ],
        [
            1,
            1,
            1,
            1,
            1,
            1,
            1,
            1,
            1,
            1,
            1
        ],
        [
            0,
            0,
            0,
            0,
            0,
            0,
            0,
            0,
            0,
            0,
            0
        ],
        [
            0,
            0,
            0,
            0,
            0,
            0,
            0,
            0,
            0,
            0,
            0
        ],
        [
            1,
            1,
            1,
            1,
            1,
            1,
            1,
            1,
            1,
            1,
            1
        ],
        [
            1,
            1,
            1,
            1,
            1,
            1,
            1,
            1,
            1,
            1,
            1
        ]
    ],
    "lJ": [
        [
            0.0,
            0.0,
            0.0,
            0.0,
            0.0,
            0.0,
            0.0,
            0.2406414579853948,
            0.10568239197472416,
            0.24817503185215503,
            0.0
        ],
        [
            0.0,
            0.0,
            0.0,
            0.0,
            0.0,
            0.0,
            0.0,
            0.0,
            0.0,
            0.0,
            0.0
        ],
        [
            0.0,
            0.0,
            0.0,
            0.002037479940844726,
            0.025091952651473702,
            0.013298535825736655,
            0.0004879294889149881,
            3347.625213148834,
            5956.0,
            5955.908414087163,
            0.0
        ],
        [
            0.0,
            0.0,
            0.0,
            6.106947408905569e-05,
            0.0,
            0.0,
            0.0,
            0.06559548454687301,
            0.009996715768696363,
            0.0,
            0.0
        ],
        [
            0.0,
            0.0,
            0.007345212350206004,
            0.0,
            0.0,
            0.009433226588902107,
            0.0,
            0.03340403292496986,
            0.0032376747119343932,
            0.0,
            0.0
        ],
        [
            8.395586401491385e-12,
            0.013924637631828407,
            0.0,
            0.0017928070090339789,
            0.00870679837081032,
            0.007690046710593019,
            0.20682991164038853,
            4318.6813466414715,
            4318.901435154362,
            4318.884553854748,
            0.0
        ],
        [
            0.0,
            0.0,
            0.0,
            0.0,
            0.0,
            0.0,
            0.0,
            0.0,
            0.0,
            0.0,
            0.0
        ],
        [
            0.0,
            0.0,
            0.0,
            0.0,
            0.0,
            0.0,
            0.0,
            0.0,
            0.0,
            0.0,
            0.0
        ],
        [
            0.0,
            0.0,
            0.0,
            0.0024427482925812407,
            0.0,
            0.0,
            0.058050164366048415,
            5267.31913113283,
            7422.0,
            7421.992131103932,
            0.0
        ],
        [
            0.0,
            0.0,
            0.0,
            0.0,
            0.001922982087215895,
            0.0,
            0.01045379363517656,
            0.03862896772051618,
            0.0,
            0.0064195636791494065,
            0.0
        ]
    ],
    "eI_t0": [
        4984.0,
        4179.0,
        30823.0,
        14914.0,
        1466.0,
        2090.0,
        7024.0,
        4439.0,
        2907.0,
        6191.0
    ],
    "eJ_t0": [
        0.0,
        0.0,
        0.0,
        0.0,
        0.0,
        0.0,
        0.0,
        0.0,
        0.0,
        0.0
    ],
    "cost_t0": {
        "Fixed": 751054.5,
        "Relief Inventory": 4.1977932007456925e-11,
        "Evacuee Inventory": 0.0,
        "Penalty": 0.0,
        "Emergency": 0.0,
        "Relief Purchase": 0.0,
        "Relief Transportation": 1.1775502402062926e-13,
        "Evacuee Transportation": 0.0,
        "Relief Dumping": 0.0
    }
}