{
    "ub": 17342329.40871887,
    "num_cuts": 60761,
    "comp_time": 1314.1057691574097,
    "obj": 17342326.703739315,
    "MIP_gap": 0.0,
    "num_nodes": 2344.0,
    "zJ": [
        [
            1,
            1,
            1,
            1,
            1,
            1,
            1,
            1,
            1,
            1,
            1
        ],
        [
            0,
            0,
            0,
            0,
            0,
            0,
            0,
            0,
            0,
            0,
            0
        ],
        [
            0,
            0,
            0,
            0,
            0,
            0,
            0,
            0,
            0,
            0,
            0
        ],
        [
            1,
            1,
            1,
            1,
            1,
            1,
            1,
            1,
            1,
            1,
            1
        ],
        [
            1,
            1,
            1,
            1,
            1,
            1,
            1,
            1,
            1,
            1,
            1
        ],
        [
            1,
            1,
            1,
            1,
            1,
            1,
            1,
            1,
            1,
            1,
            1
        ],
        [
            1,
            1,
            1,
            1,
            1,
            1,
            1,
            1,
            1,
            1,
            1
        ],
        [
            0,
            0,
            0,
            0,
            0,
            0,
            0,
            0,
            0,
            0,
            0
        ],
        [
            0,
            0,
            0,
            0,
            0,
            0,
            0,
            0,
            0,
            0,
            0
        ],
        [
            1,
            1,
            1,
            1,
            1,
            1,
            1,
            1,
            1,
            1,
            1
        ]
    ],
    "lJ": [
        [
            0.0,
            0.0,
            0.0,
            0.006692627339947797,
            0.004613438469261116,
            0.0,
            0.012981510707314401,
            0.00017600280723591743,
            0.0,
            0.0,
            0.0
        ],
        [
            0.0,
            0.0,
            0.0,
            0.0,
            0.0,
            0.0,
            0.0,
            0.0,
            0.0,
            0.0,
            0.0
        ],
        [
            0.0,
            0.0,
            0.0,
            0.0,
            0.0,
            0.0,
            0.0,
            0.0,
            0.0,
            0.0,
            0.0
        ],
        [
            0.0,
            0.0,
            0.0,
            0.0023572703185418373,
            0.005589780679896736,
            0.0017154816599499534,
            0.004595995604976196,
            0.015669994986644155,
            0.003976230275259103,
            0.0016899011878369805,
            0.0
        ],
        [
            0.0,
            0.0,
            0.0024107690691323653,
            0.00010825722074055252,
            0.0,
            0.019362315290390064,
            0.0,
            0.0011639497289846167,
            0.026497729191058257,
            0.011308325803960914,
            0.0
        ],
        [
            0.0,
            0.0,
            0.0,
            0.0,
            0.0077040157431407215,
            0.0,
            0.0028377387974257984,
            0.015942612850262695,
            0.0022733682029613014,
            0.0013125734677497517,
            0.0
        ],
        [
            0.0,
            0.0,
            0.0,
            0.0033509705078157703,
            0.01286244787110004,
            0.0,
            0.010444775319219488,
            0.000623548608262672,
            0.0,
            0.0,
            0.0
        ],
        [
            0.0,
            0.0,
            0.0,
            0.0,
            0.0,
            0.0,
            0.0,
            0.0,
            0.0,
            0.0,
            0.0
        ],
        [
            0.0,
            0.0,
            0.0,
            0.0,
            0.0,
            0.0,
            0.0,
            0.0,
            0.0,
            0.0,
            0.0
        ],
        [
            0.0,
            0.0,
            0.0,
            0.004646236765896579,
            0.0006976075603629105,
            0.014764863535902317,
            0.00752236681276648,
            0.004806278260312307,
            0.0056350595724237095,
            0.0,
            0.0
        ]
    ],
    "eI_t0": [
        4984.0,
        4179.0,
        30823.0,
        14914.0,
        1466.0,
        2090.0,
        7024.0,
        4439.0,
        2907.0,
        6191.0
    ],
    "eJ_t0": [
        0.0,
        0.0,
        0.0,
        0.0,
        0.0,
        0.0,
        0.0,
        0.0,
        0.0,
        0.0
    ],
    "cost_t0": {
        "Fixed": 669459.0,
        "Relief Inventory": 0.0,
        "Evacuee Inventory": 0.0,
        "Penalty": 0.0,
        "Emergency": 0.0,
        "Relief Purchase": 0.0,
        "Relief Transportation": 0.0,
        "Evacuee Transportation": 0.0,
        "Relief Dumping": 0.0
    }
}