{
    "ub": 56833144.516386144,
    "num_cuts": 245976,
    "comp_time": 7625.874469995499,
    "obj": 56833128.51108391,
    "MIP_gap": 0.0,
    "num_nodes": 5530.0,
    "zJ": [
        [
            1,
            1,
            1,
            1,
            1,
            1,
            1,
            1,
            1,
            1,
            1,
            1,
            1,
            1,
            1
        ],
        [
            1,
            1,
            1,
            1,
            1,
            1,
            1,
            1,
            1,
            1,
            1,
            1,
            1,
            1,
            1
        ],
        [
            1,
            1,
            1,
            1,
            1,
            1,
            1,
            1,
            1,
            1,
            1,
            1,
            1,
            1,
            1
        ],
        [
            0,
            0,
            0,
            0,
            0,
            0,
            0,
            0,
            0,
            0,
            0,
            0,
            0,
            0,
            0
        ],
        [
            1,
            1,
            1,
            1,
            1,
            1,
            1,
            1,
            1,
            1,
            1,
            1,
            1,
            1,
            1
        ],
        [
            1,
            1,
            1,
            1,
            1,
            1,
            1,
            1,
            1,
            1,
            1,
            1,
            1,
            1,
            1
        ],
        [
            0,
            0,
            0,
            0,
            0,
            0,
            0,
            0,
            0,
            0,
            0,
            0,
            0,
            0,
            0
        ],
        [
            0,
            0,
            0,
            0,
            0,
            0,
            0,
            0,
            0,
            0,
            0,
            0,
            0,
            0,
            0
        ],
        [
            1,
            1,
            1,
            1,
            1,
            1,
            1,
            1,
            1,
            1,
            1,
            1,
            1,
            1,
            1
        ],
        [
            1,
            1,
            1,
            1,
            1,
            1,
            1,
            1,
            1,
            1,
            1,
            1,
            1,
            1,
            1
        ]
    ],
    "lJ": [
        [
            0.0,
            0.0,
            0.0,
            0.00012790417426431725,
            1285.035219243742,
            5833.772132092549,
            13147.824914925572,
            25448.815785249953,
            35439.186910673525,
            35439.18653935035,
            37335.55964484776,
            37335.386697078975,
            37335.95723984926,
            37335.98607621274,
            0.0
        ],
        [
            0.0,
            0.0,
            0.006424474170942657,
            0.22170083006320163,
            1712.0673837635618,
            8339.421360966642,
            18232.90410506262,
            51945.55416415568,
            59550.0,
            59549.99945756082,
            59549.881475241506,
            59549.72906920564,
            59550.0,
            59550.0,
            0.0
        ],
        [
            0.0,
            0.0,
            0.0,
            0.0,
            13172.053521044902,
            44933.401863624575,
            106165.83049095703,
            149692.10971324556,
            211219.98815239675,
            201376.2375101278,
            211219.88895443428,
            211220.0,
            211219.98340600397,
            211220.0,
            0.0
        ],
        [
            0.0,
            0.0,
            0.0,
            0.0,
            0.0,
            0.0,
            0.0,
            0.0,
            0.0,
            0.0,
            0.0,
            0.0,
            0.0,
            0.0,
            0.0
        ],
        [
            0.0,
            0.0,
            0.0,
            0.0,
            1125.8532290020303,
            7721.543330697396,
            15720.811906839412,
            20237.899043364312,
            24529.16439051525,
            30164.331955311904,
            41204.06988513352,
            42976.411029660914,
            46247.661572506055,
            49798.01953832156,
            0.0
        ],
        [
            0.0,
            0.0,
            0.0,
            0.0,
            4211.542887154382,
            12106.476183416566,
            25448.55725024258,
            38131.43887753937,
            52140.331710201186,
            61984.082856890556,
            93100.33342565355,
            93101.0,
            93100.94566310305,
            93101.0,
            0.0
        ],
        [
            0.0,
            0.0,
            0.0,
            0.0,
            0.0,
            0.0,
            0.0,
            0.0,
            0.0,
            0.0,
            0.0,
            0.0,
            0.0,
            0.0,
            0.0
        ],
        [
            0.0,
            0.0,
            0.0,
            0.0,
            0.0,
            0.0,
            0.0,
            0.0,
            0.0,
            0.0,
            0.0,
            0.0,
            0.0,
            0.0,
            0.0
        ],
        [
            0.0,
            0.0,
            0.0,
            0.0,
            3636.4196868143686,
            21798.890933280953,
            41881.715720990614,
            93436.2189465448,
            93449.0,
            93449.0,
            93449.0,
            93449.0,
            93449.0,
            93448.99915456561,
            0.0
        ],
        [
            0.0,
            0.0014138709998000498,
            0.0,
            0.0010416333853339819,
            6453.846204986156,
            27313.592860298482,
            70946.7294204895,
            130610.29304490688,
            143414.9889332077,
            143414.98915866547,
            143415.0,
            143415.0,
            143414.99119593867,
            143415.0,
            0.0
        ]
    ],
    "eI_t0": [
        14556.0,
        42754.0,
        127904.0,
        37009.0,
        23758.0,
        72621.0,
        152416.0,
        93376.0,
        164881.0,
        61095.0
    ],
    "eJ_t0": [
        0.0,
        0.0,
        0.0,
        0.0,
        0.0,
        0.0,
        0.0,
        0.0,
        0.0,
        0.0
    ],
    "cost_t0": {
        "Fixed": 34393500.0,
        "Relief Inventory": 0.0,
        "Evacuee Inventory": 0.0,
        "Penalty": 0.0,
        "Emergency": 0.0,
        "Relief Purchase": 0.0,
        "Relief Transportation": 0.0,
        "Evacuee Transportation": 0.0,
        "Relief Dumping": 0.0
    }
}