{
    "ub": 23017618.79574902,
    "num_cuts": 157148,
    "comp_time": 5202.900928974152,
    "obj": 23017607.427682664,
    "MIP_gap": 0.0,
    "num_nodes": 3553.0,
    "zJ": [
        [
            1,
            1,
            1,
            1,
            1,
            1,
            1,
            1,
            1,
            1,
            1,
            1,
            1,
            1,
            1
        ],
        [
            1,
            1,
            1,
            1,
            1,
            1,
            1,
            1,
            1,
            1,
            1,
            1,
            1,
            1,
            1
        ],
        [
            1,
            1,
            1,
            1,
            1,
            1,
            1,
            1,
            1,
            1,
            1,
            1,
            1,
            1,
            1
        ],
        [
            0,
            0,
            0,
            0,
            0,
            0,
            0,
            0,
            0,
            0,
            0,
            0,
            0,
            0,
            0
        ],
        [
            1,
            1,
            1,
            1,
            1,
            1,
            1,
            1,
            1,
            1,
            1,
            1,
            1,
            1,
            1
        ],
        [
            1,
            1,
            1,
            1,
            1,
            1,
            1,
            1,
            1,
            1,
            1,
            1,
            1,
            1,
            1
        ],
        [
            1,
            1,
            1,
            1,
            1,
            1,
            1,
            1,
            1,
            1,
            1,
            1,
            1,
            1,
            1
        ],
        [
            1,
            1,
            1,
            1,
            1,
            1,
            1,
            1,
            1,
            1,
            1,
            1,
            1,
            1,
            1
        ],
        [
            1,
            1,
            1,
            1,
            1,
            1,
            1,
            1,
            1,
            1,
            1,
            1,
            1,
            1,
            1
        ],
        [
            1,
            1,
            1,
            1,
            1,
            1,
            1,
            1,
            1,
            1,
            1,
            1,
            1,
            1,
            1
        ]
    ],
    "lJ": [
        [
            0.0,
            0.004192855745091933,
            0.0,
            0.0038039105296259475,
            1284.88142638958,
            6535.053834127502,
            14178.129770475038,
            26437.376550818015,
            35639.21740996365,
            35639.13620392234,
            37336.0,
            37335.6652804568,
            37335.75308819097,
            37335.93657800234,
            0.0
        ],
        [
            0.0,
            0.0,
            0.0,
            0.0,
            0.0,
            150.2882571615101,
            11590.374710954187,
            47795.78674708252,
            59549.904094621634,
            59549.95259503314,
            59550.0,
            59550.0,
            59550.0,
            59549.974891416176,
            0.0
        ],
        [
            0.0,
            0.0,
            0.0,
            0.0,
            12329.272213774382,
            41591.29216597617,
            100312.63276922375,
            139241.14179732744,
            190090.07609354623,
            179045.4411433932,
            211219.48615547342,
            210022.82858775186,
            210023.01403629556,
            211219.81555629193,
            0.0
        ],
        [
            0.0,
            0.0,
            0.0,
            0.0,
            0.0,
            0.0,
            0.0,
            0.0,
            0.0,
            0.0,
            0.0,
            0.0,
            0.0,
            0.0,
            0.0
        ],
        [
            0.0,
            0.0,
            0.0,
            0.0,
            596.8568275539208,
            3136.282841675701,
            11149.300635944142,
            11311.940723920343,
            14776.922546472493,
            18368.296808506908,
            24453.05662961347,
            19661.105520760164,
            22201.428924564483,
            19256.091122632788,
            0.0
        ],
        [
            0.0,
            0.0,
            0.0,
            0.0,
            1839.025911679567,
            7767.997885786097,
            22597.121613217198,
            35488.63189210179,
            48504.74497572253,
            56281.29561559441,
            68683.04956522999,
            64998.36016425399,
            71509.79099793613,
            69896.76185638463,
            0.0
        ],
        [
            0.0,
            0.0,
            0.0,
            0.08804456543799628,
            5.370159430421632,
            10.638490222357662,
            16499.71361688955,
            57032.11597199363,
            78311.86559226587,
            78311.86084839143,
            82210.9237720464,
            82211.0,
            77520.22232007865,
            82210.94719100371,
            0.0
        ],
        [
            0.0,
            0.0,
            0.0,
            0.0,
            6212.418799380611,
            24053.62752187839,
            25426.932340878437,
            25527.39919215282,
            25529.70212230541,
            25529.9363113477,
            25529.999879359744,
            25530.0,
            25529.996959858254,
            25530.0,
            0.0
        ],
        [
            0.0,
            0.0,
            0.0,
            0.0,
            5554.688709090496,
            27324.72732518682,
            46198.104804909664,
            93448.99887271461,
            93448.67938960352,
            93448.9942340679,
            93448.99988527341,
            93449.0,
            93448.99895822322,
            93449.0,
            0.0
        ],
        [
            0.0,
            0.017621232814025438,
            0.07219884942740679,
            0.027883347483341276,
            6470.171181188927,
            18139.56759929355,
            43593.47616981872,
            62644.31315193133,
            74807.48208795198,
            78074.94463827982,
            91687.4254271665,
            102698.50509497254,
            98585.41873270963,
            108475.82937963746,
            0.0
        ]
    ],
    "eI_t0": [
        14556.0,
        42754.0,
        127904.0,
        37009.0,
        23758.0,
        72621.0,
        152416.0,
        93376.0,
        164881.0,
        61095.0
    ],
    "eJ_t0": [
        0.0,
        0.0,
        0.0,
        0.0,
        0.0,
        0.0,
        0.0,
        0.0,
        0.0,
        0.0
    ],
    "cost_t0": {
        "Fixed": 1989027.500000001,
        "Relief Inventory": 0.0,
        "Evacuee Inventory": 0.0,
        "Penalty": 0.0,
        "Emergency": 0.0,
        "Relief Purchase": 0.0,
        "Relief Transportation": 0.0,
        "Evacuee Transportation": 0.0,
        "Relief Dumping": 0.0
    }
}